index	label	element	x_ang	y_ang	z_ang
1	L_C1	C	-4.2000000000	0.0000000000	0.3500000000
2	L_C2	C	-4.9300000000	1.2400000000	-0.3500000000
3	L_C3	C	-6.3700000000	1.2400000000	0.3500000000
4	L_C4	C	-7.1000000000	0.0000000000	-0.3500000000
5	L_C5	C	-6.3700000000	-1.2400000000	0.3500000000
6	L_O5	O	-4.9300000000	-1.2400000000	-0.3500000000
7	L_C6	C	-6.7300000000	-2.5200000000	0.7200000000
8	L_O3	O	-6.5700000000	2.5500000000	0.7000000000
9	L_O6	O	-6.8300000000	-3.7500000000	1.0500000000
10	L_N2	N	-4.7700000000	2.5500000000	-0.7500000000
11	L_O4H	O	-8.2700000000	-0.2200000000	-0.6200000000
12	C_C1	C	1.4500000000	0.0000000000	0.3500000000
13	C_C2	C	0.7200000000	1.2400000000	-0.3500000000
14	C_C3	C	-0.7200000000	1.2400000000	0.3500000000
15	C_C4	C	-1.4500000000	0.0000000000	-0.3500000000
16	C_C5	C	-0.7200000000	-1.2400000000	0.3500000000
17	C_O5	O	0.7200000000	-1.2400000000	-0.3500000000
18	C_C6	C	-1.0800000000	-2.5200000000	0.7200000000
19	C_O3	O	-0.9200000000	2.5500000000	0.7000000000
20	C_O6	O	-1.1800000000	-3.7500000000	1.0500000000
21	C_N2	N	0.8800000000	2.5500000000	-0.7500000000
22	C_AcC	C	1.0200000000	3.7700000000	-0.5800000000
23	C_AcO	O	0.2200000000	4.5500000000	-0.2800000000
24	C_AcMe	C	2.3500000000	4.2500000000	-0.9800000000
25	R_C1	C	7.1000000000	0.0000000000	0.3500000000
26	R_C2	C	6.3700000000	1.2400000000	-0.3500000000
27	R_C3	C	4.9300000000	1.2400000000	0.3500000000
28	R_C4	C	4.2000000000	0.0000000000	-0.3500000000
29	R_C5	C	4.9300000000	-1.2400000000	0.3500000000
30	R_O5	O	6.3700000000	-1.2400000000	-0.3500000000
31	R_C6	C	4.5700000000	-2.5200000000	0.7200000000
32	R_O3	O	4.7300000000	2.5500000000	0.7000000000
33	R_O6	O	4.4700000000	-3.7500000000	1.0500000000
34	R_N2	N	6.5300000000	2.5500000000	-0.7500000000
35	R_O1H	O	8.2700000000	-0.2200000000	0.6200000000
36	LC_Olink	O	-2.8250000000	-0.0800000000	0.0000000000
37	CR_Olink	O	2.8250000000	-0.0800000000	0.0000000000
38	H_C_AcMe_1	H	3.0284867225	3.4026979021	-1.0791711767
39	H_C_AcMe_2	H	2.2775751035	4.7699464347	-1.9352540706
40	H_C_AcMe_3	H	2.7331706615	4.9343718993	-0.2230882828
41	H_C_C1	H	1.5028254778	0.0497180968	1.4375833668
42	H_C_C2	H	1.2443061442	1.1732701271	-1.3032838985
43	H_C_C3	H	-1.1953713530	1.1747529516	1.3287057267
44	H_C_C4	H	-1.5028254778	0.0497180968	-1.4375833668
45	H_C_C5	H	-1.0704575069	-1.1999477135	1.3813463774
46	H_C_C6_1	H	-1.6133443704	-2.3888866061	1.6615163623
47	H_C_C6_2	H	-1.7779352805	-2.8878979422	-0.0320887237
48	H_C_N2	H	0.9153303036	2.7089863663	-1.7569136532
49	H_C_O3	H	-1.0630009466	3.4866562003	0.9502516566
50	H_C_O6	H	-1.2567171766	-4.6936212723	1.3031666828
51	H_L_C1	H	-4.1471745222	0.0497180968	1.4375833668
52	H_L_C2	H	-4.4056938558	1.1732701271	-1.3032838985
53	H_L_C3	H	-6.8453713530	1.1747529516	1.3287057267
54	H_L_C4	H	-7.3662608795	0.2019910121	-1.3874992892
55	H_L_C5	H	-6.7204575069	-1.1999477135	1.3813463774
56	H_L_C6_1	H	-7.2633443704	-2.3888866061	1.6615163623
57	H_L_C6_2	H	-7.4279352805	-2.8878979422	-0.0320887237
58	H_L_N2_1	H	-3.9132107755	2.9546325566	-1.1276039180
59	H_L_N2_2	H	-5.4891108959	3.2726087589	-0.7165919036
60	H_L_O3	H	-6.7130009466	3.4866562003	0.9502516566
61	H_L_O4H	H	-9.2092682840	-0.3966145491	-0.8367542194
62	H_L_O6	H	-6.9067171766	-4.6936212723	1.3031666828
63	H_R_C1	H	7.3662608795	0.2019910121	1.3874992892
64	H_R_C2	H	6.8943061442	1.1732701271	-1.3032838985
65	H_R_C3	H	4.4546286470	1.1747529516	1.3287057267
66	H_R_C4	H	4.1471745222	0.0497180968	-1.4375833668
67	H_R_C5	H	4.5795424931	-1.1999477135	1.3813463774
68	H_R_C6_1	H	4.0366556296	-2.3888866061	1.6615163623
69	H_R_C6_2	H	3.8720647195	-2.8878979422	-0.0320887237
70	H_R_N2_1	H	7.4224029436	3.0130327153	-0.9220979108
71	H_R_N2_2	H	5.7752753851	3.2142086003	-0.9220979108
72	H_R_O1H	H	9.2092682840	-0.3966145491	0.8367542194
73	H_R_O3	H	4.5869990534	3.4866562003	0.9502516566
74	H_R_O6	H	4.3932828234	-4.6936212723	1.3031666828
