file	lobe	t_nm	segment_id	node_status	left_boundary_reason	right_boundary_reason	feature_hash	config_hash	source_hash
20260101_scan01.sxm	1	0	7e66fcff1599415e	connected	start	eligible	84e365768e57e7b724ca375556db382699dbc7e6602e8eb64466ad3e8d7a4442	b3bac29d7dbecb0a9a46ec4b81a283c6b6cd4dda586c639b29d8ea105ecbd5ad	285809e3711706d7a059ba2a0dd4139b44c1874dec79308e2762a63799aa954e
20260101_scan01.sxm	2	0.5	7e66fcff1599415e	connected	eligible	eligible	84e365768e57e7b724ca375556db382699dbc7e6602e8eb64466ad3e8d7a4442	b3bac29d7dbecb0a9a46ec4b81a283c6b6cd4dda586c639b29d8ea105ecbd5ad	285809e3711706d7a059ba2a0dd4139b44c1874dec79308e2762a63799aa954e
20260101_scan01.sxm	3	1	7e66fcff1599415e	connected	eligible	eligible	84e365768e57e7b724ca375556db382699dbc7e6602e8eb64466ad3e8d7a4442	b3bac29d7dbecb0a9a46ec4b81a283c6b6cd4dda586c639b29d8ea105ecbd5ad	285809e3711706d7a059ba2a0dd4139b44c1874dec79308e2762a63799aa954e
20260101_scan01.sxm	4	1.5	7e66fcff1599415e	connected	eligible	eligible	84e365768e57e7b724ca375556db382699dbc7e6602e8eb64466ad3e8d7a4442	b3bac29d7dbecb0a9a46ec4b81a283c6b6cd4dda586c639b29d8ea105ecbd5ad	285809e3711706d7a059ba2a0dd4139b44c1874dec79308e2762a63799aa954e
20260101_scan01.sxm	5	2	7e66fcff1599415e	connected	eligible	eligible	84e365768e57e7b724ca375556db382699dbc7e6602e8eb64466ad3e8d7a4442	b3bac29d7dbecb0a9a46ec4b81a283c6b6cd4dda586c639b29d8ea105ecbd5ad	285809e3711706d7a059ba2a0dd4139b44c1874dec79308e2762a63799aa954e
20260101_scan01.sxm	6	2.5	7e66fcff1599415e	connected	eligible	end	84e365768e57e7b724ca375556db382699dbc7e6602e8eb64466ad3e8d7a4442	b3bac29d7dbecb0a9a46ec4b81a283c6b6cd4dda586c639b29d8ea105ecbd5ad	285809e3711706d7a059ba2a0dd4139b44c1874dec79308e2762a63799aa954e
20260101_scan02.sxm	1	0	612f2307e786391e	connected	start	eligible	84e365768e57e7b724ca375556db382699dbc7e6602e8eb64466ad3e8d7a4442	b3bac29d7dbecb0a9a46ec4b81a283c6b6cd4dda586c639b29d8ea105ecbd5ad	285809e3711706d7a059ba2a0dd4139b44c1874dec79308e2762a63799aa954e
20260101_scan02.sxm	2	0.5	612f2307e786391e	connected	eligible	eligible	84e365768e57e7b724ca375556db382699dbc7e6602e8eb64466ad3e8d7a4442	b3bac29d7dbecb0a9a46ec4b81a283c6b6cd4dda586c639b29d8ea105ecbd5ad	285809e3711706d7a059ba2a0dd4139b44c1874dec79308e2762a63799aa954e
20260101_scan02.sxm	3	1	612f2307e786391e	connected	eligible	eligible	84e365768e57e7b724ca375556db382699dbc7e6602e8eb64466ad3e8d7a4442	b3bac29d7dbecb0a9a46ec4b81a283c6b6cd4dda586c639b29d8ea105ecbd5ad	285809e3711706d7a059ba2a0dd4139b44c1874dec79308e2762a63799aa954e
20260101_scan02.sxm	4	1.5	612f2307e786391e	connected	eligible	eligible	84e365768e57e7b724ca375556db382699dbc7e6602e8eb64466ad3e8d7a4442	b3bac29d7dbecb0a9a46ec4b81a283c6b6cd4dda586c639b29d8ea105ecbd5ad	285809e3711706d7a059ba2a0dd4139b44c1874dec79308e2762a63799aa954e
20260101_scan02.sxm	5	2	612f2307e786391e	connected	eligible	eligible	84e365768e57e7b724ca375556db382699dbc7e6602e8eb64466ad3e8d7a4442	b3bac29d7dbecb0a9a46ec4b81a283c6b6cd4dda586c639b29d8ea105ecbd5ad	285809e3711706d7a059ba2a0dd4139b44c1874dec79308e2762a63799aa954e
20260101_scan02.sxm	6	2.5	612f2307e786391e	connected	eligible	end	84e365768e57e7b724ca375556db382699dbc7e6602e8eb64466ad3e8d7a4442	b3bac29d7dbecb0a9a46ec4b81a283c6b6cd4dda586c639b29d8ea105ecbd5ad	285809e3711706d7a059ba2a0dd4139b44c1874dec79308e2762a63799aa954e
20260101_scan03.sxm	1	0	7a67fc77a17fdb4e	connected	start	eligible	84e365768e57e7b724ca375556db382699dbc7e6602e8eb64466ad3e8d7a4442	b3bac29d7dbecb0a9a46ec4b81a283c6b6cd4dda586c639b29d8ea105ecbd5ad	285809e3711706d7a059ba2a0dd4139b44c1874dec79308e2762a63799aa954e
20260101_scan03.sxm	2	0.5	7a67fc77a17fdb4e	connected	eligible	eligible	84e365768e57e7b724ca375556db382699dbc7e6602e8eb64466ad3e8d7a4442	b3bac29d7dbecb0a9a46ec4b81a283c6b6cd4dda586c639b29d8ea105ecbd5ad	285809e3711706d7a059ba2a0dd4139b44c1874dec79308e2762a63799aa954e
20260101_scan03.sxm	3	1	7a67fc77a17fdb4e	connected	eligible	eligible	84e365768e57e7b724ca375556db382699dbc7e6602e8eb64466ad3e8d7a4442	b3bac29d7dbecb0a9a46ec4b81a283c6b6cd4dda586c639b29d8ea105ecbd5ad	285809e3711706d7a059ba2a0dd4139b44c1874dec79308e2762a63799aa954e
20260101_scan03.sxm	4	1.5	7a67fc77a17fdb4e	connected	eligible	eligible	84e365768e57e7b724ca375556db382699dbc7e6602e8eb64466ad3e8d7a4442	b3bac29d7dbecb0a9a46ec4b81a283c6b6cd4dda586c639b29d8ea105ecbd5ad	285809e3711706d7a059ba2a0dd4139b44c1874dec79308e2762a63799aa954e
20260101_scan03.sxm	5	2	7a67fc77a17fdb4e	connected	eligible	eligible	84e365768e57e7b724ca375556db382699dbc7e6602e8eb64466ad3e8d7a4442	b3bac29d7dbecb0a9a46ec4b81a283c6b6cd4dda586c639b29d8ea105ecbd5ad	285809e3711706d7a059ba2a0dd4139b44c1874dec79308e2762a63799aa954e
20260101_scan03.sxm	6	2.5	7a67fc77a17fdb4e	connected	eligible	end	84e365768e57e7b724ca375556db382699dbc7e6602e8eb64466ad3e8d7a4442	b3bac29d7dbecb0a9a46ec4b81a283c6b6cd4dda586c639b29d8ea105ecbd5ad	285809e3711706d7a059ba2a0dd4139b44c1874dec79308e2762a63799aa954e
20260101_scan04.sxm	1	0	68314d6b1d06f030	connected	start	eligible	84e365768e57e7b724ca375556db382699dbc7e6602e8eb64466ad3e8d7a4442	b3bac29d7dbecb0a9a46ec4b81a283c6b6cd4dda586c639b29d8ea105ecbd5ad	285809e3711706d7a059ba2a0dd4139b44c1874dec79308e2762a63799aa954e
20260101_scan04.sxm	2	0.5	68314d6b1d06f030	connected	eligible	eligible	84e365768e57e7b724ca375556db382699dbc7e6602e8eb64466ad3e8d7a4442	b3bac29d7dbecb0a9a46ec4b81a283c6b6cd4dda586c639b29d8ea105ecbd5ad	285809e3711706d7a059ba2a0dd4139b44c1874dec79308e2762a63799aa954e
20260101_scan04.sxm	3	1	68314d6b1d06f030	connected	eligible	eligible	84e365768e57e7b724ca375556db382699dbc7e6602e8eb64466ad3e8d7a4442	b3bac29d7dbecb0a9a46ec4b81a283c6b6cd4dda586c639b29d8ea105ecbd5ad	285809e3711706d7a059ba2a0dd4139b44c1874dec79308e2762a63799aa954e
20260101_scan04.sxm	4	1.5	68314d6b1d06f030	connected	eligible	eligible	84e365768e57e7b724ca375556db382699dbc7e6602e8eb64466ad3e8d7a4442	b3bac29d7dbecb0a9a46ec4b81a283c6b6cd4dda586c639b29d8ea105ecbd5ad	285809e3711706d7a059ba2a0dd4139b44c1874dec79308e2762a63799aa954e
20260101_scan04.sxm	5	2	68314d6b1d06f030	connected	eligible	eligible	84e365768e57e7b724ca375556db382699dbc7e6602e8eb64466ad3e8d7a4442	b3bac29d7dbecb0a9a46ec4b81a283c6b6cd4dda586c639b29d8ea105ecbd5ad	285809e3711706d7a059ba2a0dd4139b44c1874dec79308e2762a63799aa954e
20260101_scan04.sxm	6	2.5	68314d6b1d06f030	connected	eligible	end	84e365768e57e7b724ca375556db382699dbc7e6602e8eb64466ad3e8d7a4442	b3bac29d7dbecb0a9a46ec4b81a283c6b6cd4dda586c639b29d8ea105ecbd5ad	285809e3711706d7a059ba2a0dd4139b44c1874dec79308e2762a63799aa954e
20260102_scan01.sxm	1	0	bf1940a6cde93643	connected	start	eligible	84e365768e57e7b724ca375556db382699dbc7e6602e8eb64466ad3e8d7a4442	b3bac29d7dbecb0a9a46ec4b81a283c6b6cd4dda586c639b29d8ea105ecbd5ad	285809e3711706d7a059ba2a0dd4139b44c1874dec79308e2762a63799aa954e
20260102_scan01.sxm	2	0.5	bf1940a6cde93643	connected	eligible	eligible	84e365768e57e7b724ca375556db382699dbc7e6602e8eb64466ad3e8d7a4442	b3bac29d7dbecb0a9a46ec4b81a283c6b6cd4dda586c639b29d8ea105ecbd5ad	285809e3711706d7a059ba2a0dd4139b44c1874dec79308e2762a63799aa954e
20260102_scan01.sxm	3	1	bf1940a6cde93643	connected	eligible	eligible	84e365768e57e7b724ca375556db382699dbc7e6602e8eb64466ad3e8d7a4442	b3bac29d7dbecb0a9a46ec4b81a283c6b6cd4dda586c639b29d8ea105ecbd5ad	285809e3711706d7a059ba2a0dd4139b44c1874dec79308e2762a63799aa954e
20260102_scan01.sxm	4	1.5	bf1940a6cde93643	connected	eligible	eligible	84e365768e57e7b724ca375556db382699dbc7e6602e8eb64466ad3e8d7a4442	b3bac29d7dbecb0a9a46ec4b81a283c6b6cd4dda586c639b29d8ea105ecbd5ad	285809e3711706d7a059ba2a0dd4139b44c1874dec79308e2762a63799aa954e
20260102_scan01.sxm	5	2	bf1940a6cde93643	connected	eligible	eligible	84e365768e57e7b724ca375556db382699dbc7e6602e8eb64466ad3e8d7a4442	b3bac29d7dbecb0a9a46ec4b81a283c6b6cd4dda586c639b29d8ea105ecbd5ad	285809e3711706d7a059ba2a0dd4139b44c1874dec79308e2762a63799aa954e
20260102_scan01.sxm	6	2.5	bf1940a6cde93643	connected	eligible	end	84e365768e57e7b724ca375556db382699dbc7e6602e8eb64466ad3e8d7a4442	b3bac29d7dbecb0a9a46ec4b81a283c6b6cd4dda586c639b29d8ea105ecbd5ad	285809e3711706d7a059ba2a0dd4139b44c1874dec79308e2762a63799aa954e
20260102_scan02.sxm	1	0	4149e52f4e372158	connected	start	eligible	84e365768e57e7b724ca375556db382699dbc7e6602e8eb64466ad3e8d7a4442	b3bac29d7dbecb0a9a46ec4b81a283c6b6cd4dda586c639b29d8ea105ecbd5ad	285809e3711706d7a059ba2a0dd4139b44c1874dec79308e2762a63799aa954e
20260102_scan02.sxm	2	0.5	4149e52f4e372158	connected	eligible	eligible	84e365768e57e7b724ca375556db382699dbc7e6602e8eb64466ad3e8d7a4442	b3bac29d7dbecb0a9a46ec4b81a283c6b6cd4dda586c639b29d8ea105ecbd5ad	285809e3711706d7a059ba2a0dd4139b44c1874dec79308e2762a63799aa954e
20260102_scan02.sxm	3	1	4149e52f4e372158	connected	eligible	eligible	84e365768e57e7b724ca375556db382699dbc7e6602e8eb64466ad3e8d7a4442	b3bac29d7dbecb0a9a46ec4b81a283c6b6cd4dda586c639b29d8ea105ecbd5ad	285809e3711706d7a059ba2a0dd4139b44c1874dec79308e2762a63799aa954e
20260102_scan02.sxm	4	1.5	4149e52f4e372158	connected	eligible	eligible	84e365768e57e7b724ca375556db382699dbc7e6602e8eb64466ad3e8d7a4442	b3bac29d7dbecb0a9a46ec4b81a283c6b6cd4dda586c639b29d8ea105ecbd5ad	285809e3711706d7a059ba2a0dd4139b44c1874dec79308e2762a63799aa954e
20260102_scan02.sxm	5	2	4149e52f4e372158	connected	eligible	eligible	84e365768e57e7b724ca375556db382699dbc7e6602e8eb64466ad3e8d7a4442	b3bac29d7dbecb0a9a46ec4b81a283c6b6cd4dda586c639b29d8ea105ecbd5ad	285809e3711706d7a059ba2a0dd4139b44c1874dec79308e2762a63799aa954e
20260102_scan02.sxm	6	2.5	4149e52f4e372158	connected	eligible	end	84e365768e57e7b724ca375556db382699dbc7e6602e8eb64466ad3e8d7a4442	b3bac29d7dbecb0a9a46ec4b81a283c6b6cd4dda586c639b29d8ea105ecbd5ad	285809e3711706d7a059ba2a0dd4139b44c1874dec79308e2762a63799aa954e
20260102_scan03.sxm	1	0	70bc6d4d58e48ad2	connected	start	eligible	84e365768e57e7b724ca375556db382699dbc7e6602e8eb64466ad3e8d7a4442	b3bac29d7dbecb0a9a46ec4b81a283c6b6cd4dda586c639b29d8ea105ecbd5ad	285809e3711706d7a059ba2a0dd4139b44c1874dec79308e2762a63799aa954e
20260102_scan03.sxm	2	0.5	70bc6d4d58e48ad2	connected	eligible	eligible	84e365768e57e7b724ca375556db382699dbc7e6602e8eb64466ad3e8d7a4442	b3bac29d7dbecb0a9a46ec4b81a283c6b6cd4dda586c639b29d8ea105ecbd5ad	285809e3711706d7a059ba2a0dd4139b44c1874dec79308e2762a63799aa954e
20260102_scan03.sxm	3	1	70bc6d4d58e48ad2	connected	eligible	eligible	84e365768e57e7b724ca375556db382699dbc7e6602e8eb64466ad3e8d7a4442	b3bac29d7dbecb0a9a46ec4b81a283c6b6cd4dda586c639b29d8ea105ecbd5ad	285809e3711706d7a059ba2a0dd4139b44c1874dec79308e2762a63799aa954e
20260102_scan03.sxm	4	1.5	70bc6d4d58e48ad2	connected	eligible	eligible	84e365768e57e7b724ca375556db382699dbc7e6602e8eb64466ad3e8d7a4442	b3bac29d7dbecb0a9a46ec4b81a283c6b6cd4dda586c639b29d8ea105ecbd5ad	285809e3711706d7a059ba2a0dd4139b44c1874dec79308e2762a63799aa954e
20260102_scan03.sxm	5	2	70bc6d4d58e48ad2	connected	eligible	eligible	84e365768e57e7b724ca375556db382699dbc7e6602e8eb64466ad3e8d7a4442	b3bac29d7dbecb0a9a46ec4b81a283c6b6cd4dda586c639b29d8ea105ecbd5ad	285809e3711706d7a059ba2a0dd4139b44c1874dec79308e2762a63799aa954e
20260102_scan03.sxm	6	2.5	70bc6d4d58e48ad2	connected	eligible	end	84e365768e57e7b724ca375556db382699dbc7e6602e8eb64466ad3e8d7a4442	b3bac29d7dbecb0a9a46ec4b81a283c6b6cd4dda586c639b29d8ea105ecbd5ad	285809e3711706d7a059ba2a0dd4139b44c1874dec79308e2762a63799aa954e
20260102_scan04.sxm	1	0	2d332594f653b855	connected	start	eligible	84e365768e57e7b724ca375556db382699dbc7e6602e8eb64466ad3e8d7a4442	b3bac29d7dbecb0a9a46ec4b81a283c6b6cd4dda586c639b29d8ea105ecbd5ad	285809e3711706d7a059ba2a0dd4139b44c1874dec79308e2762a63799aa954e
20260102_scan04.sxm	2	0.5	2d332594f653b855	connected	eligible	eligible	84e365768e57e7b724ca375556db382699dbc7e6602e8eb64466ad3e8d7a4442	b3bac29d7dbecb0a9a46ec4b81a283c6b6cd4dda586c639b29d8ea105ecbd5ad	285809e3711706d7a059ba2a0dd4139b44c1874dec79308e2762a63799aa954e
20260102_scan04.sxm	3	1	2d332594f653b855	connected	eligible	eligible	84e365768e57e7b724ca375556db382699dbc7e6602e8eb64466ad3e8d7a4442	b3bac29d7dbecb0a9a46ec4b81a283c6b6cd4dda586c639b29d8ea105ecbd5ad	285809e3711706d7a059ba2a0dd4139b44c1874dec79308e2762a63799aa954e
20260102_scan04.sxm	4	1.5	2d332594f653b855	connected	eligible	eligible	84e365768e57e7b724ca375556db382699dbc7e6602e8eb64466ad3e8d7a4442	b3bac29d7dbecb0a9a46ec4b81a283c6b6cd4dda586c639b29d8ea105ecbd5ad	285809e3711706d7a059ba2a0dd4139b44c1874dec79308e2762a63799aa954e
20260102_scan04.sxm	5	2	2d332594f653b855	connected	eligible	eligible	84e365768e57e7b724ca375556db382699dbc7e6602e8eb64466ad3e8d7a4442	b3bac29d7dbecb0a9a46ec4b81a283c6b6cd4dda586c639b29d8ea105ecbd5ad	285809e3711706d7a059ba2a0dd4139b44c1874dec79308e2762a63799aa954e
20260102_scan04.sxm	6	2.5	2d332594f653b855	connected	eligible	end	84e365768e57e7b724ca375556db382699dbc7e6602e8eb64466ad3e8d7a4442	b3bac29d7dbecb0a9a46ec4b81a283c6b6cd4dda586c639b29d8ea105ecbd5ad	285809e3711706d7a059ba2a0dd4139b44c1874dec79308e2762a63799aa954e
20260103_scan01.sxm	1	0	2ccc76e18ba1af4b	connected	start	eligible	84e365768e57e7b724ca375556db382699dbc7e6602e8eb64466ad3e8d7a4442	b3bac29d7dbecb0a9a46ec4b81a283c6b6cd4dda586c639b29d8ea105ecbd5ad	285809e3711706d7a059ba2a0dd4139b44c1874dec79308e2762a63799aa954e
20260103_scan01.sxm	2	0.5	2ccc76e18ba1af4b	connected	eligible	eligible	84e365768e57e7b724ca375556db382699dbc7e6602e8eb64466ad3e8d7a4442	b3bac29d7dbecb0a9a46ec4b81a283c6b6cd4dda586c639b29d8ea105ecbd5ad	285809e3711706d7a059ba2a0dd4139b44c1874dec79308e2762a63799aa954e
20260103_scan01.sxm	3	1	2ccc76e18ba1af4b	connected	eligible	eligible	84e365768e57e7b724ca375556db382699dbc7e6602e8eb64466ad3e8d7a4442	b3bac29d7dbecb0a9a46ec4b81a283c6b6cd4dda586c639b29d8ea105ecbd5ad	285809e3711706d7a059ba2a0dd4139b44c1874dec79308e2762a63799aa954e
20260103_scan01.sxm	4	1.5	2ccc76e18ba1af4b	connected	eligible	eligible	84e365768e57e7b724ca375556db382699dbc7e6602e8eb64466ad3e8d7a4442	b3bac29d7dbecb0a9a46ec4b81a283c6b6cd4dda586c639b29d8ea105ecbd5ad	285809e3711706d7a059ba2a0dd4139b44c1874dec79308e2762a63799aa954e
20260103_scan01.sxm	5	2	2ccc76e18ba1af4b	connected	eligible	eligible	84e365768e57e7b724ca375556db382699dbc7e6602e8eb64466ad3e8d7a4442	b3bac29d7dbecb0a9a46ec4b81a283c6b6cd4dda586c639b29d8ea105ecbd5ad	285809e3711706d7a059ba2a0dd4139b44c1874dec79308e2762a63799aa954e
20260103_scan01.sxm	6	2.5	2ccc76e18ba1af4b	connected	eligible	end	84e365768e57e7b724ca375556db382699dbc7e6602e8eb64466ad3e8d7a4442	b3bac29d7dbecb0a9a46ec4b81a283c6b6cd4dda586c639b29d8ea105ecbd5ad	285809e3711706d7a059ba2a0dd4139b44c1874dec79308e2762a63799aa954e
20260103_scan02.sxm	1	0	fc116b846e94a617	connected	start	eligible	84e365768e57e7b724ca375556db382699dbc7e6602e8eb64466ad3e8d7a4442	b3bac29d7dbecb0a9a46ec4b81a283c6b6cd4dda586c639b29d8ea105ecbd5ad	285809e3711706d7a059ba2a0dd4139b44c1874dec79308e2762a63799aa954e
20260103_scan02.sxm	2	0.5	fc116b846e94a617	connected	eligible	eligible	84e365768e57e7b724ca375556db382699dbc7e6602e8eb64466ad3e8d7a4442	b3bac29d7dbecb0a9a46ec4b81a283c6b6cd4dda586c639b29d8ea105ecbd5ad	285809e3711706d7a059ba2a0dd4139b44c1874dec79308e2762a63799aa954e
20260103_scan02.sxm	3	1	fc116b846e94a617	connected	eligible	eligible	84e365768e57e7b724ca375556db382699dbc7e6602e8eb64466ad3e8d7a4442	b3bac29d7dbecb0a9a46ec4b81a283c6b6cd4dda586c639b29d8ea105ecbd5ad	285809e3711706d7a059ba2a0dd4139b44c1874dec79308e2762a63799aa954e
20260103_scan02.sxm	4	1.5	fc116b846e94a617	connected	eligible	eligible	84e365768e57e7b724ca375556db382699dbc7e6602e8eb64466ad3e8d7a4442	b3bac29d7dbecb0a9a46ec4b81a283c6b6cd4dda586c639b29d8ea105ecbd5ad	285809e3711706d7a059ba2a0dd4139b44c1874dec79308e2762a63799aa954e
20260103_scan02.sxm	5	2	fc116b846e94a617	connected	eligible	eligible	84e365768e57e7b724ca375556db382699dbc7e6602e8eb64466ad3e8d7a4442	b3bac29d7dbecb0a9a46ec4b81a283c6b6cd4dda586c639b29d8ea105ecbd5ad	285809e3711706d7a059ba2a0dd4139b44c1874dec79308e2762a63799aa954e
20260103_scan02.sxm	6	2.5	fc116b846e94a617	connected	eligible	end	84e365768e57e7b724ca375556db382699dbc7e6602e8eb64466ad3e8d7a4442	b3bac29d7dbecb0a9a46ec4b81a283c6b6cd4dda586c639b29d8ea105ecbd5ad	285809e3711706d7a059ba2a0dd4139b44c1874dec79308e2762a63799aa954e
20260103_scan03.sxm	1	0	02f130b1f75b454a	connected	start	eligible	84e365768e57e7b724ca375556db382699dbc7e6602e8eb64466ad3e8d7a4442	b3bac29d7dbecb0a9a46ec4b81a283c6b6cd4dda586c639b29d8ea105ecbd5ad	285809e3711706d7a059ba2a0dd4139b44c1874dec79308e2762a63799aa954e
20260103_scan03.sxm	2	0.5	02f130b1f75b454a	connected	eligible	eligible	84e365768e57e7b724ca375556db382699dbc7e6602e8eb64466ad3e8d7a4442	b3bac29d7dbecb0a9a46ec4b81a283c6b6cd4dda586c639b29d8ea105ecbd5ad	285809e3711706d7a059ba2a0dd4139b44c1874dec79308e2762a63799aa954e
20260103_scan03.sxm	3	1	02f130b1f75b454a	connected	eligible	eligible	84e365768e57e7b724ca375556db382699dbc7e6602e8eb64466ad3e8d7a4442	b3bac29d7dbecb0a9a46ec4b81a283c6b6cd4dda586c639b29d8ea105ecbd5ad	285809e3711706d7a059ba2a0dd4139b44c1874dec79308e2762a63799aa954e
20260103_scan03.sxm	4	1.5	02f130b1f75b454a	connected	eligible	eligible	84e365768e57e7b724ca375556db382699dbc7e6602e8eb64466ad3e8d7a4442	b3bac29d7dbecb0a9a46ec4b81a283c6b6cd4dda586c639b29d8ea105ecbd5ad	285809e3711706d7a059ba2a0dd4139b44c1874dec79308e2762a63799aa954e
20260103_scan03.sxm	5	2	02f130b1f75b454a	connected	eligible	eligible	84e365768e57e7b724ca375556db382699dbc7e6602e8eb64466ad3e8d7a4442	b3bac29d7dbecb0a9a46ec4b81a283c6b6cd4dda586c639b29d8ea105ecbd5ad	285809e3711706d7a059ba2a0dd4139b44c1874dec79308e2762a63799aa954e
20260103_scan03.sxm	6	2.5	02f130b1f75b454a	connected	eligible	end	84e365768e57e7b724ca375556db382699dbc7e6602e8eb64466ad3e8d7a4442	b3bac29d7dbecb0a9a46ec4b81a283c6b6cd4dda586c639b29d8ea105ecbd5ad	285809e3711706d7a059ba2a0dd4139b44c1874dec79308e2762a63799aa954e
20260103_scan04.sxm	1	0	887853e4e9435d2a	connected	start	eligible	84e365768e57e7b724ca375556db382699dbc7e6602e8eb64466ad3e8d7a4442	b3bac29d7dbecb0a9a46ec4b81a283c6b6cd4dda586c639b29d8ea105ecbd5ad	285809e3711706d7a059ba2a0dd4139b44c1874dec79308e2762a63799aa954e
20260103_scan04.sxm	2	0.5	887853e4e9435d2a	connected	eligible	eligible	84e365768e57e7b724ca375556db382699dbc7e6602e8eb64466ad3e8d7a4442	b3bac29d7dbecb0a9a46ec4b81a283c6b6cd4dda586c639b29d8ea105ecbd5ad	285809e3711706d7a059ba2a0dd4139b44c1874dec79308e2762a63799aa954e
20260103_scan04.sxm	3	1	887853e4e9435d2a	connected	eligible	eligible	84e365768e57e7b724ca375556db382699dbc7e6602e8eb64466ad3e8d7a4442	b3bac29d7dbecb0a9a46ec4b81a283c6b6cd4dda586c639b29d8ea105ecbd5ad	285809e3711706d7a059ba2a0dd4139b44c1874dec79308e2762a63799aa954e
20260103_scan04.sxm	4	1.5	887853e4e9435d2a	connected	eligible	eligible	84e365768e57e7b724ca375556db382699dbc7e6602e8eb64466ad3e8d7a4442	b3bac29d7dbecb0a9a46ec4b81a283c6b6cd4dda586c639b29d8ea105ecbd5ad	285809e3711706d7a059ba2a0dd4139b44c1874dec79308e2762a63799aa954e
20260103_scan04.sxm	5	2	887853e4e9435d2a	connected	eligible	eligible	84e365768e57e7b724ca375556db382699dbc7e6602e8eb64466ad3e8d7a4442	b3bac29d7dbecb0a9a46ec4b81a283c6b6cd4dda586c639b29d8ea105ecbd5ad	285809e3711706d7a059ba2a0dd4139b44c1874dec79308e2762a63799aa954e
20260103_scan04.sxm	6	2.5	887853e4e9435d2a	connected	eligible	end	84e365768e57e7b724ca375556db382699dbc7e6602e8eb64466ad3e8d7a4442	b3bac29d7dbecb0a9a46ec4b81a283c6b6cd4dda586c639b29d8ea105ecbd5ad	285809e3711706d7a059ba2a0dd4139b44c1874dec79308e2762a63799aa954e
20260104_scan01.sxm	1	0	6c5689e70a4f3bf1	connected	start	eligible	84e365768e57e7b724ca375556db382699dbc7e6602e8eb64466ad3e8d7a4442	b3bac29d7dbecb0a9a46ec4b81a283c6b6cd4dda586c639b29d8ea105ecbd5ad	285809e3711706d7a059ba2a0dd4139b44c1874dec79308e2762a63799aa954e
20260104_scan01.sxm	2	0.5	6c5689e70a4f3bf1	connected	eligible	eligible	84e365768e57e7b724ca375556db382699dbc7e6602e8eb64466ad3e8d7a4442	b3bac29d7dbecb0a9a46ec4b81a283c6b6cd4dda586c639b29d8ea105ecbd5ad	285809e3711706d7a059ba2a0dd4139b44c1874dec79308e2762a63799aa954e
20260104_scan01.sxm	3	1	6c5689e70a4f3bf1	connected	eligible	eligible	84e365768e57e7b724ca375556db382699dbc7e6602e8eb64466ad3e8d7a4442	b3bac29d7dbecb0a9a46ec4b81a283c6b6cd4dda586c639b29d8ea105ecbd5ad	285809e3711706d7a059ba2a0dd4139b44c1874dec79308e2762a63799aa954e
20260104_scan01.sxm	4	1.5	6c5689e70a4f3bf1	connected	eligible	eligible	84e365768e57e7b724ca375556db382699dbc7e6602e8eb64466ad3e8d7a4442	b3bac29d7dbecb0a9a46ec4b81a283c6b6cd4dda586c639b29d8ea105ecbd5ad	285809e3711706d7a059ba2a0dd4139b44c1874dec79308e2762a63799aa954e
20260104_scan01.sxm	5	2	6c5689e70a4f3bf1	connected	eligible	eligible	84e365768e57e7b724ca375556db382699dbc7e6602e8eb64466ad3e8d7a4442	b3bac29d7dbecb0a9a46ec4b81a283c6b6cd4dda586c639b29d8ea105ecbd5ad	285809e3711706d7a059ba2a0dd4139b44c1874dec79308e2762a63799aa954e
20260104_scan01.sxm	6	2.5	6c5689e70a4f3bf1	connected	eligible	end	84e365768e57e7b724ca375556db382699dbc7e6602e8eb64466ad3e8d7a4442	b3bac29d7dbecb0a9a46ec4b81a283c6b6cd4dda586c639b29d8ea105ecbd5ad	285809e3711706d7a059ba2a0dd4139b44c1874dec79308e2762a63799aa954e
20260104_scan02.sxm	1	0	5fd805d2505d8f95	connected	start	eligible	84e365768e57e7b724ca375556db382699dbc7e6602e8eb64466ad3e8d7a4442	b3bac29d7dbecb0a9a46ec4b81a283c6b6cd4dda586c639b29d8ea105ecbd5ad	285809e3711706d7a059ba2a0dd4139b44c1874dec79308e2762a63799aa954e
20260104_scan02.sxm	2	0.5	5fd805d2505d8f95	connected	eligible	eligible	84e365768e57e7b724ca375556db382699dbc7e6602e8eb64466ad3e8d7a4442	b3bac29d7dbecb0a9a46ec4b81a283c6b6cd4dda586c639b29d8ea105ecbd5ad	285809e3711706d7a059ba2a0dd4139b44c1874dec79308e2762a63799aa954e
20260104_scan02.sxm	3	1	5fd805d2505d8f95	connected	eligible	eligible	84e365768e57e7b724ca375556db382699dbc7e6602e8eb64466ad3e8d7a4442	b3bac29d7dbecb0a9a46ec4b81a283c6b6cd4dda586c639b29d8ea105ecbd5ad	285809e3711706d7a059ba2a0dd4139b44c1874dec79308e2762a63799aa954e
20260104_scan02.sxm	4	1.5	5fd805d2505d8f95	connected	eligible	eligible	84e365768e57e7b724ca375556db382699dbc7e6602e8eb64466ad3e8d7a4442	b3bac29d7dbecb0a9a46ec4b81a283c6b6cd4dda586c639b29d8ea105ecbd5ad	285809e3711706d7a059ba2a0dd4139b44c1874dec79308e2762a63799aa954e
20260104_scan02.sxm	5	2	5fd805d2505d8f95	connected	eligible	eligible	84e365768e57e7b724ca375556db382699dbc7e6602e8eb64466ad3e8d7a4442	b3bac29d7dbecb0a9a46ec4b81a283c6b6cd4dda586c639b29d8ea105ecbd5ad	285809e3711706d7a059ba2a0dd4139b44c1874dec79308e2762a63799aa954e
20260104_scan02.sxm	6	2.5	5fd805d2505d8f95	connected	eligible	end	84e365768e57e7b724ca375556db382699dbc7e6602e8eb64466ad3e8d7a4442	b3bac29d7dbecb0a9a46ec4b81a283c6b6cd4dda586c639b29d8ea105ecbd5ad	285809e3711706d7a059ba2a0dd4139b44c1874dec79308e2762a63799aa954e
20260104_scan03.sxm	1	0	c102032d93b595d7	connected	start	eligible	84e365768e57e7b724ca375556db382699dbc7e6602e8eb64466ad3e8d7a4442	b3bac29d7dbecb0a9a46ec4b81a283c6b6cd4dda586c639b29d8ea105ecbd5ad	285809e3711706d7a059ba2a0dd4139b44c1874dec79308e2762a63799aa954e
20260104_scan03.sxm	2	0.5	c102032d93b595d7	connected	eligible	eligible	84e365768e57e7b724ca375556db382699dbc7e6602e8eb64466ad3e8d7a4442	b3bac29d7dbecb0a9a46ec4b81a283c6b6cd4dda586c639b29d8ea105ecbd5ad	285809e3711706d7a059ba2a0dd4139b44c1874dec79308e2762a63799aa954e
20260104_scan03.sxm	3	1	c102032d93b595d7	connected	eligible	eligible	84e365768e57e7b724ca375556db382699dbc7e6602e8eb64466ad3e8d7a4442	b3bac29d7dbecb0a9a46ec4b81a283c6b6cd4dda586c639b29d8ea105ecbd5ad	285809e3711706d7a059ba2a0dd4139b44c1874dec79308e2762a63799aa954e
20260104_scan03.sxm	4	1.5	c102032d93b595d7	connected	eligible	eligible	84e365768e57e7b724ca375556db382699dbc7e6602e8eb64466ad3e8d7a4442	b3bac29d7dbecb0a9a46ec4b81a283c6b6cd4dda586c639b29d8ea105ecbd5ad	285809e3711706d7a059ba2a0dd4139b44c1874dec79308e2762a63799aa954e
20260104_scan03.sxm	5	2	c102032d93b595d7	connected	eligible	eligible	84e365768e57e7b724ca375556db382699dbc7e6602e8eb64466ad3e8d7a4442	b3bac29d7dbecb0a9a46ec4b81a283c6b6cd4dda586c639b29d8ea105ecbd5ad	285809e3711706d7a059ba2a0dd4139b44c1874dec79308e2762a63799aa954e
20260104_scan03.sxm	6	2.5	c102032d93b595d7	connected	eligible	end	84e365768e57e7b724ca375556db382699dbc7e6602e8eb64466ad3e8d7a4442	b3bac29d7dbecb0a9a46ec4b81a283c6b6cd4dda586c639b29d8ea105ecbd5ad	285809e3711706d7a059ba2a0dd4139b44c1874dec79308e2762a63799aa954e
20260104_scan04.sxm	1	0	cfb8d003e4a8f6d5	connected	start	eligible	84e365768e57e7b724ca375556db382699dbc7e6602e8eb64466ad3e8d7a4442	b3bac29d7dbecb0a9a46ec4b81a283c6b6cd4dda586c639b29d8ea105ecbd5ad	285809e3711706d7a059ba2a0dd4139b44c1874dec79308e2762a63799aa954e
20260104_scan04.sxm	2	0.5	cfb8d003e4a8f6d5	connected	eligible	eligible	84e365768e57e7b724ca375556db382699dbc7e6602e8eb64466ad3e8d7a4442	b3bac29d7dbecb0a9a46ec4b81a283c6b6cd4dda586c639b29d8ea105ecbd5ad	285809e3711706d7a059ba2a0dd4139b44c1874dec79308e2762a63799aa954e
20260104_scan04.sxm	3	1	cfb8d003e4a8f6d5	connected	eligible	eligible	84e365768e57e7b724ca375556db382699dbc7e6602e8eb64466ad3e8d7a4442	b3bac29d7dbecb0a9a46ec4b81a283c6b6cd4dda586c639b29d8ea105ecbd5ad	285809e3711706d7a059ba2a0dd4139b44c1874dec79308e2762a63799aa954e
20260104_scan04.sxm	4	1.5	cfb8d003e4a8f6d5	connected	eligible	eligible	84e365768e57e7b724ca375556db382699dbc7e6602e8eb64466ad3e8d7a4442	b3bac29d7dbecb0a9a46ec4b81a283c6b6cd4dda586c639b29d8ea105ecbd5ad	285809e3711706d7a059ba2a0dd4139b44c1874dec79308e2762a63799aa954e
20260104_scan04.sxm	5	2	cfb8d003e4a8f6d5	connected	eligible	eligible	84e365768e57e7b724ca375556db382699dbc7e6602e8eb64466ad3e8d7a4442	b3bac29d7dbecb0a9a46ec4b81a283c6b6cd4dda586c639b29d8ea105ecbd5ad	285809e3711706d7a059ba2a0dd4139b44c1874dec79308e2762a63799aa954e
20260104_scan04.sxm	6	2.5	cfb8d003e4a8f6d5	connected	eligible	end	84e365768e57e7b724ca375556db382699dbc7e6602e8eb64466ad3e8d7a4442	b3bac29d7dbecb0a9a46ec4b81a283c6b6cd4dda586c639b29d8ea105ecbd5ad	285809e3711706d7a059ba2a0dd4139b44c1874dec79308e2762a63799aa954e
20260105_scan01.sxm	1	0	b71fbd627ae1497a	connected	start	eligible	84e365768e57e7b724ca375556db382699dbc7e6602e8eb64466ad3e8d7a4442	b3bac29d7dbecb0a9a46ec4b81a283c6b6cd4dda586c639b29d8ea105ecbd5ad	285809e3711706d7a059ba2a0dd4139b44c1874dec79308e2762a63799aa954e
20260105_scan01.sxm	2	0.5	b71fbd627ae1497a	connected	eligible	eligible	84e365768e57e7b724ca375556db382699dbc7e6602e8eb64466ad3e8d7a4442	b3bac29d7dbecb0a9a46ec4b81a283c6b6cd4dda586c639b29d8ea105ecbd5ad	285809e3711706d7a059ba2a0dd4139b44c1874dec79308e2762a63799aa954e
20260105_scan01.sxm	3	1	b71fbd627ae1497a	connected	eligible	eligible	84e365768e57e7b724ca375556db382699dbc7e6602e8eb64466ad3e8d7a4442	b3bac29d7dbecb0a9a46ec4b81a283c6b6cd4dda586c639b29d8ea105ecbd5ad	285809e3711706d7a059ba2a0dd4139b44c1874dec79308e2762a63799aa954e
20260105_scan01.sxm	4	1.5	b71fbd627ae1497a	connected	eligible	eligible	84e365768e57e7b724ca375556db382699dbc7e6602e8eb64466ad3e8d7a4442	b3bac29d7dbecb0a9a46ec4b81a283c6b6cd4dda586c639b29d8ea105ecbd5ad	285809e3711706d7a059ba2a0dd4139b44c1874dec79308e2762a63799aa954e
20260105_scan01.sxm	5	2	b71fbd627ae1497a	connected	eligible	eligible	84e365768e57e7b724ca375556db382699dbc7e6602e8eb64466ad3e8d7a4442	b3bac29d7dbecb0a9a46ec4b81a283c6b6cd4dda586c639b29d8ea105ecbd5ad	285809e3711706d7a059ba2a0dd4139b44c1874dec79308e2762a63799aa954e
20260105_scan01.sxm	6	2.5	b71fbd627ae1497a	connected	eligible	end	84e365768e57e7b724ca375556db382699dbc7e6602e8eb64466ad3e8d7a4442	b3bac29d7dbecb0a9a46ec4b81a283c6b6cd4dda586c639b29d8ea105ecbd5ad	285809e3711706d7a059ba2a0dd4139b44c1874dec79308e2762a63799aa954e
20260105_scan02.sxm	1	0	4bc65c6609a38d63	connected	start	eligible	84e365768e57e7b724ca375556db382699dbc7e6602e8eb64466ad3e8d7a4442	b3bac29d7dbecb0a9a46ec4b81a283c6b6cd4dda586c639b29d8ea105ecbd5ad	285809e3711706d7a059ba2a0dd4139b44c1874dec79308e2762a63799aa954e
20260105_scan02.sxm	2	0.5	4bc65c6609a38d63	connected	eligible	eligible	84e365768e57e7b724ca375556db382699dbc7e6602e8eb64466ad3e8d7a4442	b3bac29d7dbecb0a9a46ec4b81a283c6b6cd4dda586c639b29d8ea105ecbd5ad	285809e3711706d7a059ba2a0dd4139b44c1874dec79308e2762a63799aa954e
20260105_scan02.sxm	3	1	4bc65c6609a38d63	connected	eligible	eligible	84e365768e57e7b724ca375556db382699dbc7e6602e8eb64466ad3e8d7a4442	b3bac29d7dbecb0a9a46ec4b81a283c6b6cd4dda586c639b29d8ea105ecbd5ad	285809e3711706d7a059ba2a0dd4139b44c1874dec79308e2762a63799aa954e
20260105_scan02.sxm	4	1.5	4bc65c6609a38d63	connected	eligible	eligible	84e365768e57e7b724ca375556db382699dbc7e6602e8eb64466ad3e8d7a4442	b3bac29d7dbecb0a9a46ec4b81a283c6b6cd4dda586c639b29d8ea105ecbd5ad	285809e3711706d7a059ba2a0dd4139b44c1874dec79308e2762a63799aa954e
20260105_scan02.sxm	5	2	4bc65c6609a38d63	connected	eligible	eligible	84e365768e57e7b724ca375556db382699dbc7e6602e8eb64466ad3e8d7a4442	b3bac29d7dbecb0a9a46ec4b81a283c6b6cd4dda586c639b29d8ea105ecbd5ad	285809e3711706d7a059ba2a0dd4139b44c1874dec79308e2762a63799aa954e
20260105_scan02.sxm	6	2.5	4bc65c6609a38d63	connected	eligible	end	84e365768e57e7b724ca375556db382699dbc7e6602e8eb64466ad3e8d7a4442	b3bac29d7dbecb0a9a46ec4b81a283c6b6cd4dda586c639b29d8ea105ecbd5ad	285809e3711706d7a059ba2a0dd4139b44c1874dec79308e2762a63799aa954e
20260105_scan03.sxm	1	0	f72670a34735ce5b	connected	start	eligible	84e365768e57e7b724ca375556db382699dbc7e6602e8eb64466ad3e8d7a4442	b3bac29d7dbecb0a9a46ec4b81a283c6b6cd4dda586c639b29d8ea105ecbd5ad	285809e3711706d7a059ba2a0dd4139b44c1874dec79308e2762a63799aa954e
20260105_scan03.sxm	2	0.5	f72670a34735ce5b	connected	eligible	eligible	84e365768e57e7b724ca375556db382699dbc7e6602e8eb64466ad3e8d7a4442	b3bac29d7dbecb0a9a46ec4b81a283c6b6cd4dda586c639b29d8ea105ecbd5ad	285809e3711706d7a059ba2a0dd4139b44c1874dec79308e2762a63799aa954e
20260105_scan03.sxm	3	1	f72670a34735ce5b	connected	eligible	eligible	84e365768e57e7b724ca375556db382699dbc7e6602e8eb64466ad3e8d7a4442	b3bac29d7dbecb0a9a46ec4b81a283c6b6cd4dda586c639b29d8ea105ecbd5ad	285809e3711706d7a059ba2a0dd4139b44c1874dec79308e2762a63799aa954e
20260105_scan03.sxm	4	1.5	f72670a34735ce5b	connected	eligible	eligible	84e365768e57e7b724ca375556db382699dbc7e6602e8eb64466ad3e8d7a4442	b3bac29d7dbecb0a9a46ec4b81a283c6b6cd4dda586c639b29d8ea105ecbd5ad	285809e3711706d7a059ba2a0dd4139b44c1874dec79308e2762a63799aa954e
20260105_scan03.sxm	5	2	f72670a34735ce5b	connected	eligible	eligible	84e365768e57e7b724ca375556db382699dbc7e6602e8eb64466ad3e8d7a4442	b3bac29d7dbecb0a9a46ec4b81a283c6b6cd4dda586c639b29d8ea105ecbd5ad	285809e3711706d7a059ba2a0dd4139b44c1874dec79308e2762a63799aa954e
20260105_scan03.sxm	6	2.5	f72670a34735ce5b	connected	eligible	end	84e365768e57e7b724ca375556db382699dbc7e6602e8eb64466ad3e8d7a4442	b3bac29d7dbecb0a9a46ec4b81a283c6b6cd4dda586c639b29d8ea105ecbd5ad	285809e3711706d7a059ba2a0dd4139b44c1874dec79308e2762a63799aa954e
20260105_scan04.sxm	1	0	314da7b7985b0d64	connected	start	eligible	84e365768e57e7b724ca375556db382699dbc7e6602e8eb64466ad3e8d7a4442	b3bac29d7dbecb0a9a46ec4b81a283c6b6cd4dda586c639b29d8ea105ecbd5ad	285809e3711706d7a059ba2a0dd4139b44c1874dec79308e2762a63799aa954e
20260105_scan04.sxm	2	0.5	314da7b7985b0d64	connected	eligible	eligible	84e365768e57e7b724ca375556db382699dbc7e6602e8eb64466ad3e8d7a4442	b3bac29d7dbecb0a9a46ec4b81a283c6b6cd4dda586c639b29d8ea105ecbd5ad	285809e3711706d7a059ba2a0dd4139b44c1874dec79308e2762a63799aa954e
20260105_scan04.sxm	3	1	314da7b7985b0d64	connected	eligible	eligible	84e365768e57e7b724ca375556db382699dbc7e6602e8eb64466ad3e8d7a4442	b3bac29d7dbecb0a9a46ec4b81a283c6b6cd4dda586c639b29d8ea105ecbd5ad	285809e3711706d7a059ba2a0dd4139b44c1874dec79308e2762a63799aa954e
20260105_scan04.sxm	4	1.5	314da7b7985b0d64	connected	eligible	eligible	84e365768e57e7b724ca375556db382699dbc7e6602e8eb64466ad3e8d7a4442	b3bac29d7dbecb0a9a46ec4b81a283c6b6cd4dda586c639b29d8ea105ecbd5ad	285809e3711706d7a059ba2a0dd4139b44c1874dec79308e2762a63799aa954e
20260105_scan04.sxm	5	2	314da7b7985b0d64	connected	eligible	eligible	84e365768e57e7b724ca375556db382699dbc7e6602e8eb64466ad3e8d7a4442	b3bac29d7dbecb0a9a46ec4b81a283c6b6cd4dda586c639b29d8ea105ecbd5ad	285809e3711706d7a059ba2a0dd4139b44c1874dec79308e2762a63799aa954e
20260105_scan04.sxm	6	2.5	314da7b7985b0d64	connected	eligible	end	84e365768e57e7b724ca375556db382699dbc7e6602e8eb64466ad3e8d7a4442	b3bac29d7dbecb0a9a46ec4b81a283c6b6cd4dda586c639b29d8ea105ecbd5ad	285809e3711706d7a059ba2a0dd4139b44c1874dec79308e2762a63799aa954e
20260106_scan01.sxm	1	0	fb3b7b2a3a736228	connected	start	eligible	84e365768e57e7b724ca375556db382699dbc7e6602e8eb64466ad3e8d7a4442	b3bac29d7dbecb0a9a46ec4b81a283c6b6cd4dda586c639b29d8ea105ecbd5ad	285809e3711706d7a059ba2a0dd4139b44c1874dec79308e2762a63799aa954e
20260106_scan01.sxm	2	0.5	fb3b7b2a3a736228	connected	eligible	eligible	84e365768e57e7b724ca375556db382699dbc7e6602e8eb64466ad3e8d7a4442	b3bac29d7dbecb0a9a46ec4b81a283c6b6cd4dda586c639b29d8ea105ecbd5ad	285809e3711706d7a059ba2a0dd4139b44c1874dec79308e2762a63799aa954e
20260106_scan01.sxm	3	1	fb3b7b2a3a736228	connected	eligible	eligible	84e365768e57e7b724ca375556db382699dbc7e6602e8eb64466ad3e8d7a4442	b3bac29d7dbecb0a9a46ec4b81a283c6b6cd4dda586c639b29d8ea105ecbd5ad	285809e3711706d7a059ba2a0dd4139b44c1874dec79308e2762a63799aa954e
20260106_scan01.sxm	4	1.5	fb3b7b2a3a736228	connected	eligible	eligible	84e365768e57e7b724ca375556db382699dbc7e6602e8eb64466ad3e8d7a4442	b3bac29d7dbecb0a9a46ec4b81a283c6b6cd4dda586c639b29d8ea105ecbd5ad	285809e3711706d7a059ba2a0dd4139b44c1874dec79308e2762a63799aa954e
20260106_scan01.sxm	5	2	fb3b7b2a3a736228	connected	eligible	eligible	84e365768e57e7b724ca375556db382699dbc7e6602e8eb64466ad3e8d7a4442	b3bac29d7dbecb0a9a46ec4b81a283c6b6cd4dda586c639b29d8ea105ecbd5ad	285809e3711706d7a059ba2a0dd4139b44c1874dec79308e2762a63799aa954e
20260106_scan01.sxm	6	2.5	fb3b7b2a3a736228	connected	eligible	end	84e365768e57e7b724ca375556db382699dbc7e6602e8eb64466ad3e8d7a4442	b3bac29d7dbecb0a9a46ec4b81a283c6b6cd4dda586c639b29d8ea105ecbd5ad	285809e3711706d7a059ba2a0dd4139b44c1874dec79308e2762a63799aa954e
20260106_scan02.sxm	1	0	1e66a7de9a566389	connected	start	eligible	84e365768e57e7b724ca375556db382699dbc7e6602e8eb64466ad3e8d7a4442	b3bac29d7dbecb0a9a46ec4b81a283c6b6cd4dda586c639b29d8ea105ecbd5ad	285809e3711706d7a059ba2a0dd4139b44c1874dec79308e2762a63799aa954e
20260106_scan02.sxm	2	0.5	1e66a7de9a566389	connected	eligible	eligible	84e365768e57e7b724ca375556db382699dbc7e6602e8eb64466ad3e8d7a4442	b3bac29d7dbecb0a9a46ec4b81a283c6b6cd4dda586c639b29d8ea105ecbd5ad	285809e3711706d7a059ba2a0dd4139b44c1874dec79308e2762a63799aa954e
20260106_scan02.sxm	3	1	1e66a7de9a566389	connected	eligible	eligible	84e365768e57e7b724ca375556db382699dbc7e6602e8eb64466ad3e8d7a4442	b3bac29d7dbecb0a9a46ec4b81a283c6b6cd4dda586c639b29d8ea105ecbd5ad	285809e3711706d7a059ba2a0dd4139b44c1874dec79308e2762a63799aa954e
20260106_scan02.sxm	4	1.5	1e66a7de9a566389	connected	eligible	eligible	84e365768e57e7b724ca375556db382699dbc7e6602e8eb64466ad3e8d7a4442	b3bac29d7dbecb0a9a46ec4b81a283c6b6cd4dda586c639b29d8ea105ecbd5ad	285809e3711706d7a059ba2a0dd4139b44c1874dec79308e2762a63799aa954e
20260106_scan02.sxm	5	2	1e66a7de9a566389	connected	eligible	eligible	84e365768e57e7b724ca375556db382699dbc7e6602e8eb64466ad3e8d7a4442	b3bac29d7dbecb0a9a46ec4b81a283c6b6cd4dda586c639b29d8ea105ecbd5ad	285809e3711706d7a059ba2a0dd4139b44c1874dec79308e2762a63799aa954e
20260106_scan02.sxm	6	2.5	1e66a7de9a566389	connected	eligible	end	84e365768e57e7b724ca375556db382699dbc7e6602e8eb64466ad3e8d7a4442	b3bac29d7dbecb0a9a46ec4b81a283c6b6cd4dda586c639b29d8ea105ecbd5ad	285809e3711706d7a059ba2a0dd4139b44c1874dec79308e2762a63799aa954e
20260106_scan03.sxm	1	0	3d1a67d071d75f3d	connected	start	eligible	84e365768e57e7b724ca375556db382699dbc7e6602e8eb64466ad3e8d7a4442	b3bac29d7dbecb0a9a46ec4b81a283c6b6cd4dda586c639b29d8ea105ecbd5ad	285809e3711706d7a059ba2a0dd4139b44c1874dec79308e2762a63799aa954e
20260106_scan03.sxm	2	0.5	3d1a67d071d75f3d	connected	eligible	eligible	84e365768e57e7b724ca375556db382699dbc7e6602e8eb64466ad3e8d7a4442	b3bac29d7dbecb0a9a46ec4b81a283c6b6cd4dda586c639b29d8ea105ecbd5ad	285809e3711706d7a059ba2a0dd4139b44c1874dec79308e2762a63799aa954e
20260106_scan03.sxm	3	1	3d1a67d071d75f3d	connected	eligible	eligible	84e365768e57e7b724ca375556db382699dbc7e6602e8eb64466ad3e8d7a4442	b3bac29d7dbecb0a9a46ec4b81a283c6b6cd4dda586c639b29d8ea105ecbd5ad	285809e3711706d7a059ba2a0dd4139b44c1874dec79308e2762a63799aa954e
20260106_scan03.sxm	4	1.5	3d1a67d071d75f3d	connected	eligible	eligible	84e365768e57e7b724ca375556db382699dbc7e6602e8eb64466ad3e8d7a4442	b3bac29d7dbecb0a9a46ec4b81a283c6b6cd4dda586c639b29d8ea105ecbd5ad	285809e3711706d7a059ba2a0dd4139b44c1874dec79308e2762a63799aa954e
20260106_scan03.sxm	5	2	3d1a67d071d75f3d	connected	eligible	eligible	84e365768e57e7b724ca375556db382699dbc7e6602e8eb64466ad3e8d7a4442	b3bac29d7dbecb0a9a46ec4b81a283c6b6cd4dda586c639b29d8ea105ecbd5ad	285809e3711706d7a059ba2a0dd4139b44c1874dec79308e2762a63799aa954e
20260106_scan03.sxm	6	2.5	3d1a67d071d75f3d	connected	eligible	end	84e365768e57e7b724ca375556db382699dbc7e6602e8eb64466ad3e8d7a4442	b3bac29d7dbecb0a9a46ec4b81a283c6b6cd4dda586c639b29d8ea105ecbd5ad	285809e3711706d7a059ba2a0dd4139b44c1874dec79308e2762a63799aa954e
20260106_scan04.sxm	1	0	dab55d55fead41fd	connected	start	eligible	84e365768e57e7b724ca375556db382699dbc7e6602e8eb64466ad3e8d7a4442	b3bac29d7dbecb0a9a46ec4b81a283c6b6cd4dda586c639b29d8ea105ecbd5ad	285809e3711706d7a059ba2a0dd4139b44c1874dec79308e2762a63799aa954e
20260106_scan04.sxm	2	0.5	dab55d55fead41fd	connected	eligible	eligible	84e365768e57e7b724ca375556db382699dbc7e6602e8eb64466ad3e8d7a4442	b3bac29d7dbecb0a9a46ec4b81a283c6b6cd4dda586c639b29d8ea105ecbd5ad	285809e3711706d7a059ba2a0dd4139b44c1874dec79308e2762a63799aa954e
20260106_scan04.sxm	3	1	dab55d55fead41fd	connected	eligible	eligible	84e365768e57e7b724ca375556db382699dbc7e6602e8eb64466ad3e8d7a4442	b3bac29d7dbecb0a9a46ec4b81a283c6b6cd4dda586c639b29d8ea105ecbd5ad	285809e3711706d7a059ba2a0dd4139b44c1874dec79308e2762a63799aa954e
20260106_scan04.sxm	4	1.5	dab55d55fead41fd	connected	eligible	eligible	84e365768e57e7b724ca375556db382699dbc7e6602e8eb64466ad3e8d7a4442	b3bac29d7dbecb0a9a46ec4b81a283c6b6cd4dda586c639b29d8ea105ecbd5ad	285809e3711706d7a059ba2a0dd4139b44c1874dec79308e2762a63799aa954e
20260106_scan04.sxm	5	2	dab55d55fead41fd	connected	eligible	eligible	84e365768e57e7b724ca375556db382699dbc7e6602e8eb64466ad3e8d7a4442	b3bac29d7dbecb0a9a46ec4b81a283c6b6cd4dda586c639b29d8ea105ecbd5ad	285809e3711706d7a059ba2a0dd4139b44c1874dec79308e2762a63799aa954e
20260106_scan04.sxm	6	2.5	dab55d55fead41fd	connected	eligible	end	84e365768e57e7b724ca375556db382699dbc7e6602e8eb64466ad3e8d7a4442	b3bac29d7dbecb0a9a46ec4b81a283c6b6cd4dda586c639b29d8ea105ecbd5ad	285809e3711706d7a059ba2a0dd4139b44c1874dec79308e2762a63799aa954e
20260107_scan01.sxm	1	0	855fed5abf92389c	connected	start	eligible	84e365768e57e7b724ca375556db382699dbc7e6602e8eb64466ad3e8d7a4442	b3bac29d7dbecb0a9a46ec4b81a283c6b6cd4dda586c639b29d8ea105ecbd5ad	285809e3711706d7a059ba2a0dd4139b44c1874dec79308e2762a63799aa954e
20260107_scan01.sxm	2	0.5	855fed5abf92389c	connected	eligible	eligible	84e365768e57e7b724ca375556db382699dbc7e6602e8eb64466ad3e8d7a4442	b3bac29d7dbecb0a9a46ec4b81a283c6b6cd4dda586c639b29d8ea105ecbd5ad	285809e3711706d7a059ba2a0dd4139b44c1874dec79308e2762a63799aa954e
20260107_scan01.sxm	3	1	855fed5abf92389c	connected	eligible	eligible	84e365768e57e7b724ca375556db382699dbc7e6602e8eb64466ad3e8d7a4442	b3bac29d7dbecb0a9a46ec4b81a283c6b6cd4dda586c639b29d8ea105ecbd5ad	285809e3711706d7a059ba2a0dd4139b44c1874dec79308e2762a63799aa954e
20260107_scan01.sxm	4	1.5	855fed5abf92389c	connected	eligible	eligible	84e365768e57e7b724ca375556db382699dbc7e6602e8eb64466ad3e8d7a4442	b3bac29d7dbecb0a9a46ec4b81a283c6b6cd4dda586c639b29d8ea105ecbd5ad	285809e3711706d7a059ba2a0dd4139b44c1874dec79308e2762a63799aa954e
20260107_scan01.sxm	5	2	855fed5abf92389c	connected	eligible	eligible	84e365768e57e7b724ca375556db382699dbc7e6602e8eb64466ad3e8d7a4442	b3bac29d7dbecb0a9a46ec4b81a283c6b6cd4dda586c639b29d8ea105ecbd5ad	285809e3711706d7a059ba2a0dd4139b44c1874dec79308e2762a63799aa954e
20260107_scan01.sxm	6	2.5	855fed5abf92389c	connected	eligible	end	84e365768e57e7b724ca375556db382699dbc7e6602e8eb64466ad3e8d7a4442	b3bac29d7dbecb0a9a46ec4b81a283c6b6cd4dda586c639b29d8ea105ecbd5ad	285809e3711706d7a059ba2a0dd4139b44c1874dec79308e2762a63799aa954e
20260107_scan02.sxm	1	0	e92680831481b1e3	connected	start	eligible	84e365768e57e7b724ca375556db382699dbc7e6602e8eb64466ad3e8d7a4442	b3bac29d7dbecb0a9a46ec4b81a283c6b6cd4dda586c639b29d8ea105ecbd5ad	285809e3711706d7a059ba2a0dd4139b44c1874dec79308e2762a63799aa954e
20260107_scan02.sxm	2	0.5	e92680831481b1e3	connected	eligible	eligible	84e365768e57e7b724ca375556db382699dbc7e6602e8eb64466ad3e8d7a4442	b3bac29d7dbecb0a9a46ec4b81a283c6b6cd4dda586c639b29d8ea105ecbd5ad	285809e3711706d7a059ba2a0dd4139b44c1874dec79308e2762a63799aa954e
20260107_scan02.sxm	3	1	e92680831481b1e3	connected	eligible	eligible	84e365768e57e7b724ca375556db382699dbc7e6602e8eb64466ad3e8d7a4442	b3bac29d7dbecb0a9a46ec4b81a283c6b6cd4dda586c639b29d8ea105ecbd5ad	285809e3711706d7a059ba2a0dd4139b44c1874dec79308e2762a63799aa954e
20260107_scan02.sxm	4	1.5	e92680831481b1e3	connected	eligible	eligible	84e365768e57e7b724ca375556db382699dbc7e6602e8eb64466ad3e8d7a4442	b3bac29d7dbecb0a9a46ec4b81a283c6b6cd4dda586c639b29d8ea105ecbd5ad	285809e3711706d7a059ba2a0dd4139b44c1874dec79308e2762a63799aa954e
20260107_scan02.sxm	5	2	e92680831481b1e3	connected	eligible	eligible	84e365768e57e7b724ca375556db382699dbc7e6602e8eb64466ad3e8d7a4442	b3bac29d7dbecb0a9a46ec4b81a283c6b6cd4dda586c639b29d8ea105ecbd5ad	285809e3711706d7a059ba2a0dd4139b44c1874dec79308e2762a63799aa954e
20260107_scan02.sxm	6	2.5	e92680831481b1e3	connected	eligible	end	84e365768e57e7b724ca375556db382699dbc7e6602e8eb64466ad3e8d7a4442	b3bac29d7dbecb0a9a46ec4b81a283c6b6cd4dda586c639b29d8ea105ecbd5ad	285809e3711706d7a059ba2a0dd4139b44c1874dec79308e2762a63799aa954e
20260107_scan03.sxm	1	0	82704530f2eead90	connected	start	eligible	84e365768e57e7b724ca375556db382699dbc7e6602e8eb64466ad3e8d7a4442	b3bac29d7dbecb0a9a46ec4b81a283c6b6cd4dda586c639b29d8ea105ecbd5ad	285809e3711706d7a059ba2a0dd4139b44c1874dec79308e2762a63799aa954e
20260107_scan03.sxm	2	0.5	82704530f2eead90	connected	eligible	eligible	84e365768e57e7b724ca375556db382699dbc7e6602e8eb64466ad3e8d7a4442	b3bac29d7dbecb0a9a46ec4b81a283c6b6cd4dda586c639b29d8ea105ecbd5ad	285809e3711706d7a059ba2a0dd4139b44c1874dec79308e2762a63799aa954e
20260107_scan03.sxm	3	1	82704530f2eead90	connected	eligible	eligible	84e365768e57e7b724ca375556db382699dbc7e6602e8eb64466ad3e8d7a4442	b3bac29d7dbecb0a9a46ec4b81a283c6b6cd4dda586c639b29d8ea105ecbd5ad	285809e3711706d7a059ba2a0dd4139b44c1874dec79308e2762a63799aa954e
20260107_scan03.sxm	4	1.5	82704530f2eead90	connected	eligible	eligible	84e365768e57e7b724ca375556db382699dbc7e6602e8eb64466ad3e8d7a4442	b3bac29d7dbecb0a9a46ec4b81a283c6b6cd4dda586c639b29d8ea105ecbd5ad	285809e3711706d7a059ba2a0dd4139b44c1874dec79308e2762a63799aa954e
20260107_scan03.sxm	5	2	82704530f2eead90	connected	eligible	eligible	84e365768e57e7b724ca375556db382699dbc7e6602e8eb64466ad3e8d7a4442	b3bac29d7dbecb0a9a46ec4b81a283c6b6cd4dda586c639b29d8ea105ecbd5ad	285809e3711706d7a059ba2a0dd4139b44c1874dec79308e2762a63799aa954e
20260107_scan03.sxm	6	2.5	82704530f2eead90	connected	eligible	end	84e365768e57e7b724ca375556db382699dbc7e6602e8eb64466ad3e8d7a4442	b3bac29d7dbecb0a9a46ec4b81a283c6b6cd4dda586c639b29d8ea105ecbd5ad	285809e3711706d7a059ba2a0dd4139b44c1874dec79308e2762a63799aa954e
20260107_scan04.sxm	1	0	2da6ac03c76e0d57	connected	start	eligible	84e365768e57e7b724ca375556db382699dbc7e6602e8eb64466ad3e8d7a4442	b3bac29d7dbecb0a9a46ec4b81a283c6b6cd4dda586c639b29d8ea105ecbd5ad	285809e3711706d7a059ba2a0dd4139b44c1874dec79308e2762a63799aa954e
20260107_scan04.sxm	2	0.5	2da6ac03c76e0d57	connected	eligible	eligible	84e365768e57e7b724ca375556db382699dbc7e6602e8eb64466ad3e8d7a4442	b3bac29d7dbecb0a9a46ec4b81a283c6b6cd4dda586c639b29d8ea105ecbd5ad	285809e3711706d7a059ba2a0dd4139b44c1874dec79308e2762a63799aa954e
20260107_scan04.sxm	3	1	2da6ac03c76e0d57	connected	eligible	eligible	84e365768e57e7b724ca375556db382699dbc7e6602e8eb64466ad3e8d7a4442	b3bac29d7dbecb0a9a46ec4b81a283c6b6cd4dda586c639b29d8ea105ecbd5ad	285809e3711706d7a059ba2a0dd4139b44c1874dec79308e2762a63799aa954e
20260107_scan04.sxm	4	1.5	2da6ac03c76e0d57	connected	eligible	eligible	84e365768e57e7b724ca375556db382699dbc7e6602e8eb64466ad3e8d7a4442	b3bac29d7dbecb0a9a46ec4b81a283c6b6cd4dda586c639b29d8ea105ecbd5ad	285809e3711706d7a059ba2a0dd4139b44c1874dec79308e2762a63799aa954e
20260107_scan04.sxm	5	2	2da6ac03c76e0d57	connected	eligible	eligible	84e365768e57e7b724ca375556db382699dbc7e6602e8eb64466ad3e8d7a4442	b3bac29d7dbecb0a9a46ec4b81a283c6b6cd4dda586c639b29d8ea105ecbd5ad	285809e3711706d7a059ba2a0dd4139b44c1874dec79308e2762a63799aa954e
20260107_scan04.sxm	6	2.5	2da6ac03c76e0d57	connected	eligible	end	84e365768e57e7b724ca375556db382699dbc7e6602e8eb64466ad3e8d7a4442	b3bac29d7dbecb0a9a46ec4b81a283c6b6cd4dda586c639b29d8ea105ecbd5ad	285809e3711706d7a059ba2a0dd4139b44c1874dec79308e2762a63799aa954e
