relative_path	folder	file	expected_N	benchmark_for_N_fit	benchmark_for_unit_assignment	unit_sequence	unit_assignment_ready	unit_assignment_status	pre_assignment	source_status	N_selected	N_eff	N_ell	N_circ	ambiguous_eff	best_plot	reason
20240307_LHe_Cu100/240307_015.sxm	20240307_LHe_Cu100	240307_015.sxm	6	true	true		false	needs_unit_sequence	accept_counting_visual_N6_confirmed	manual_ok_chitosan_needs_N_review	7	7	7	7	false	results/best_plots_20240307/240307_015_best.png	manual ok_chitosan; user visual review confirmed true N=6 on 2026-06-30; unit sequence still unconfirmed; support_ell_nm=3.66
20240307_LHe_Cu100/240307_016.sxm	20240307_LHe_Cu100	240307_016.sxm	6	true	true		false	needs_unit_sequence	accept_counting_visual_N6_confirmed	manual_ok_chitosan_needs_N_review	6	6	6	5	false	results/best_plots_20240307/240307_016_best.png	manual ok_chitosan; user visual review confirmed true N=6 on 2026-06-30; unit sequence still unconfirmed; support_ell_nm=3.40
20240307_LHe_Cu100/240307_017.sxm	20240307_LHe_Cu100	240307_017.sxm	6	true	true		false	needs_unit_sequence	accept_counting_visual_N6_confirmed	manual_ok_chitosan_needs_N_review	5	6	6	6	true	results/best_plots_20240307/240307_017_best.png	manual ok_chitosan; user visual review confirmed true N=6 on 2026-06-30; unit sequence still unconfirmed; ambiguous_eff=true; support_ell_nm=3.51
20240307_LHe_Cu100/240307_019.sxm	20240307_LHe_Cu100	240307_019.sxm	6	true	true		false	needs_unit_sequence	accept_counting_visual_N6_confirmed	manual_ok_chitosan_second_check	4	5	5	5	false	results/best_plots_20240307/240307_019_best.png	manual ok_chitosan; user second-check confirmed true N=6 on 2026-07-01; unit sequence still unconfirmed; support_ell_nm=3.74; fit N_selected=4; N_eff=5; ell/circ=5/5; ambiguous_eff=false
20240310_LHe_Cu100/240310_Cu100006.sxm	20240310_LHe_Cu100	240310_Cu100006.sxm	6	true	true		false	needs_unit_sequence	accept_counting_visual_N6_confirmed	manual_ok_chitosan_top10_fit_review	6	6	6	6	true	results/triage_potential_benchmark_fit_top10/240310_Cu100006_best.png	user visual review of triage_potential_benchmark_fit_top10 confirmed all 45 fit images are good chitosan with true N=6 on 2026-07-01; unit sequence still unconfirmed; top10 triage source=stratified_top32; fit N_selected=6; N_eff=6; ell/circ=6/6; ambiguous_eff=true; support_ell_nm=3.943
20240310_LHe_Cu100/240310_Cu100007.sxm	20240310_LHe_Cu100	240310_Cu100007.sxm	6	true	true		false	needs_unit_sequence	accept_counting_visual_N6_confirmed	manual_ok_chitosan_top10_fit_review	6	6	6	6	false	results/triage_potential_benchmark_fit_top10/240310_Cu100007_best.png	user visual review of triage_potential_benchmark_fit_top10 confirmed all 45 fit images are good chitosan with true N=6 on 2026-07-01; unit sequence still unconfirmed; top10 triage source=stratified_top32; fit N_selected=6; N_eff=6; ell/circ=6/6; ambiguous_eff=false; support_ell_nm=3.966
20240310_LHe_Cu100/240310_Cu100009.sxm	20240310_LHe_Cu100	240310_Cu100009.sxm	6	true	true		false	needs_unit_sequence	accept_counting_visual_N6_confirmed	manual_ok_chitosan_top10_fit_review	7	8	8	8	true	results/triage_potential_benchmark_fit_top10/240310_Cu100009_best.png	user visual review of triage_potential_benchmark_fit_top10 confirmed all 45 fit images are good chitosan with true N=6 on 2026-07-01; unit sequence still unconfirmed; top10 triage source=stratified_top32; fit N_selected=7; N_eff=8; ell/circ=8/8; ambiguous_eff=true; support_ell_nm=4.73
20240310_LHe_Cu100/240310_Cu100032.sxm	20240310_LHe_Cu100	240310_Cu100032.sxm	6	true	true		false	needs_unit_sequence	accept_counting_visual_N6_confirmed	manual_ok_chitosan_top10_fit_review	5	5	5	5	false	results/triage_potential_benchmark_fit_top10/240310_Cu100032_best.png	user visual review of triage_potential_benchmark_fit_top10 confirmed all 45 fit images are good chitosan with true N=6 on 2026-07-01; unit sequence still unconfirmed; top10 triage source=stratified_top32; fit N_selected=5; N_eff=5; ell/circ=5/5; ambiguous_eff=false; support_ell_nm=3.472
20240311_LHe_Cu100/240311_Cu100060.sxm	20240311_LHe_Cu100	240311_Cu100060.sxm	6	true	true		false	needs_unit_sequence	accept_counting_visual_N6_confirmed	manual_ok_chitosan_top10_fit_review	8	8	8	7	false	results/triage_potential_benchmark_fit_top10/240311_Cu100060_best.png	user visual review of triage_potential_benchmark_fit_top10 confirmed all 45 fit images are good chitosan with true N=6 on 2026-07-01; unit sequence still unconfirmed; top10 triage source=stratified_top32; fit N_selected=8; N_eff=8; ell/circ=8/7; ambiguous_eff=false; support_ell_nm=4.034
20240311_LHe_Cu100/240311_Cu100061.sxm	20240311_LHe_Cu100	240311_Cu100061.sxm	6	true	true		false	needs_unit_sequence	accept_counting_visual_N6_confirmed	manual_ok_chitosan_top10_fit_review	6	6	6	5	false	results/triage_potential_benchmark_fit_top10/240311_Cu100061_best.png	user visual review of triage_potential_benchmark_fit_top10 confirmed all 45 fit images are good chitosan with true N=6 on 2026-07-01; unit sequence still unconfirmed; top10 triage source=stratified_top32; fit N_selected=6; N_eff=6; ell/circ=6/5; ambiguous_eff=false; support_ell_nm=4.046
20240311_LHe_Cu100/240311_Cu100062.sxm	20240311_LHe_Cu100	240311_Cu100062.sxm	6	true	true		false	needs_unit_sequence	accept_counting_visual_N6_confirmed	manual_ok_chitosan_top10_fit_review	7	7	7	7	false	results/triage_potential_benchmark_fit_top10/240311_Cu100062_best.png	user visual review of triage_potential_benchmark_fit_top10 confirmed all 45 fit images are good chitosan with true N=6 on 2026-07-01; unit sequence still unconfirmed; top10 triage source=stratified_top32; fit N_selected=7; N_eff=7; ell/circ=7/7; ambiguous_eff=false; support_ell_nm=4.065
20240311_LHe_Cu100/240311_Cu100063.sxm	20240311_LHe_Cu100	240311_Cu100063.sxm	6	true	true		false	needs_unit_sequence	accept_counting_visual_N6_confirmed	manual_ok_chitosan_top10_fit_review	5	6	6	5	false	results/triage_potential_benchmark_fit_top10/240311_Cu100063_best.png	user visual review of triage_potential_benchmark_fit_top10 confirmed all 45 fit images are good chitosan with true N=6 on 2026-07-01; unit sequence still unconfirmed; top10 triage source=stratified_top32; fit N_selected=5; N_eff=6; ell/circ=6/5; ambiguous_eff=false; support_ell_nm=3.721
20240312_LHe_Cu100/240312_Cu100070.sxm	20240312_LHe_Cu100	240312_Cu100070.sxm	6	true	true		false	needs_unit_sequence	accept_counting_visual_N6_confirmed	manual_ok_chitosan_top10_fit_review	5	7	7	7	false	results/triage_potential_benchmark_fit_top10/240312_Cu100070_best.png	user visual review of triage_potential_benchmark_fit_top10 confirmed all 45 fit images are good chitosan with true N=6 on 2026-07-01; unit sequence still unconfirmed; top10 triage source=global_top31;stratified_top32; fit N_selected=5; N_eff=7; ell/circ=7/7; ambiguous_eff=false; support_ell_nm=4.795
20240312_LHe_Cu100/240312_Cu100071.sxm	20240312_LHe_Cu100	240312_Cu100071.sxm	6	true	true		false	needs_unit_sequence	accept_counting_visual_N6_confirmed	manual_ok_chitosan_top10_fit_review	5	7	7	7	false	results/triage_potential_benchmark_fit_top10/240312_Cu100071_best.png	user visual review of triage_potential_benchmark_fit_top10 confirmed all 45 fit images are good chitosan with true N=6 on 2026-07-01; unit sequence still unconfirmed; top10 triage source=global_top31;stratified_top32; fit N_selected=5; N_eff=7; ell/circ=7/7; ambiguous_eff=false; support_ell_nm=4.795
20240312_LHe_Cu100/240312_Cu100081.sxm	20240312_LHe_Cu100	240312_Cu100081.sxm	6	true	true		false	needs_unit_sequence	accept_counting_visual_N6_confirmed	manual_ok_chitosan_top10_fit_review	5	6	6	6	false	results/triage_potential_benchmark_fit_top10/240312_Cu100081_best.png	user visual review of triage_potential_benchmark_fit_top10 confirmed all 45 fit images are good chitosan with true N=6 on 2026-07-01; unit sequence still unconfirmed; top10 triage source=global_top31;stratified_top32; fit N_selected=5; N_eff=6; ell/circ=6/6; ambiguous_eff=false; support_ell_nm=3.788
20240312_LHe_Cu100/240312_Cu100090.sxm	20240312_LHe_Cu100	240312_Cu100090.sxm	6	true	true		false	needs_unit_sequence	accept_counting_visual_N6_confirmed	manual_ok_chitosan_top10_fit_review	6	6	6	6	true	results/triage_potential_benchmark_fit_top10/240312_Cu100090_best.png	user visual review of triage_potential_benchmark_fit_top10 confirmed all 45 fit images are good chitosan with true N=6 on 2026-07-01; unit sequence still unconfirmed; top10 triage source=stratified_top32; fit N_selected=6; N_eff=6; ell/circ=6/6; ambiguous_eff=true; support_ell_nm=3.861
20240313_LHe_Cu100/240313_Cu100058.sxm	20240313_LHe_Cu100	240313_Cu100058.sxm	6	true	true		false	needs_unit_sequence	accept_counting_visual_N6_confirmed	manual_ok_chitosan_top10_fit_review	6	6	6	6	true	results/triage_potential_benchmark_fit_top10/240313_Cu100058_best.png	user visual review of triage_potential_benchmark_fit_top10 confirmed all 45 fit images are good chitosan with true N=6 on 2026-07-01; unit sequence still unconfirmed; top10 triage source=stratified_top32; fit N_selected=6; N_eff=6; ell/circ=6/6; ambiguous_eff=true; support_ell_nm=4.067
20240313_LHe_Cu100/240313_Cu100059.sxm	20240313_LHe_Cu100	240313_Cu100059.sxm	6	true	true		false	needs_unit_sequence	accept_counting_visual_N6_confirmed	manual_ok_chitosan_top10_fit_review	7	7	7	7	false	results/triage_potential_benchmark_fit_top10/240313_Cu100059_best.png	user visual review of triage_potential_benchmark_fit_top10 confirmed all 45 fit images are good chitosan with true N=6 on 2026-07-01; unit sequence still unconfirmed; top10 triage source=stratified_top32; fit N_selected=7; N_eff=7; ell/circ=7/7; ambiguous_eff=false; support_ell_nm=3.941
20240313_LHe_Cu100/240313_Cu100060.sxm	20240313_LHe_Cu100	240313_Cu100060.sxm	6	true	true		false	needs_unit_sequence	accept_counting_visual_N6_confirmed	manual_ok_chitosan_top10_fit_review	7	7	7	7	false	results/triage_potential_benchmark_fit_top10/240313_Cu100060_best.png	user visual review of triage_potential_benchmark_fit_top10 confirmed all 45 fit images are good chitosan with true N=6 on 2026-07-01; unit sequence still unconfirmed; top10 triage source=stratified_top32; fit N_selected=7; N_eff=7; ell/circ=7/7; ambiguous_eff=false; support_ell_nm=3.911
20240313_LHe_Cu100/240313_Cu100062.sxm	20240313_LHe_Cu100	240313_Cu100062.sxm	6	true	true		false	needs_unit_sequence	accept_counting_visual_N6_confirmed	manual_ok_chitosan_top10_fit_review	7	7	7	6	true	results/triage_potential_benchmark_fit_top10/240313_Cu100062_best.png	user visual review of triage_potential_benchmark_fit_top10 confirmed all 45 fit images are good chitosan with true N=6 on 2026-07-01; unit sequence still unconfirmed; top10 triage source=stratified_top32; fit N_selected=7; N_eff=7; ell/circ=7/6; ambiguous_eff=true; support_ell_nm=3.75
20240314_LHe_Cu100/240314_Cu100_024.sxm	20240314_LHe_Cu100	240314_Cu100_024.sxm	6	true	true		false	needs_unit_sequence	accept_counting_visual_N6_confirmed	manual_ok_chitosan_top10_fit_review	5	5	5	5	true	results/triage_potential_benchmark_fit_top10/240314_Cu100_024_best.png	user visual review of triage_potential_benchmark_fit_top10 confirmed all 45 fit images are good chitosan with true N=6 on 2026-07-01; unit sequence still unconfirmed; top10 triage source=global_top31;stratified_top32; fit N_selected=5; N_eff=5; ell/circ=5/5; ambiguous_eff=true; support_ell_nm=3.669
20240314_LHe_Cu100/240314_Cu100_025.sxm	20240314_LHe_Cu100	240314_Cu100_025.sxm	6	true	true		false	needs_unit_sequence	accept_counting_visual_N6_confirmed	manual_ok_chitosan_top10_fit_review	6	6	6	5	true	results/triage_potential_benchmark_fit_top10/240314_Cu100_025_best.png	user visual review of triage_potential_benchmark_fit_top10 confirmed all 45 fit images are good chitosan with true N=6 on 2026-07-01; unit sequence still unconfirmed; top10 triage source=global_top31;stratified_top32; fit N_selected=6; N_eff=6; ell/circ=6/5; ambiguous_eff=true; support_ell_nm=3.643
20240314_LHe_Cu100/240314_Cu100_026.sxm	20240314_LHe_Cu100	240314_Cu100_026.sxm	6	true	true		false	needs_unit_sequence	accept_counting_visual_N6_confirmed	manual_ok_chitosan_top10_fit_review	5	5	5	5	true	results/triage_potential_benchmark_fit_top10/240314_Cu100_026_best.png	user visual review of triage_potential_benchmark_fit_top10 confirmed all 45 fit images are good chitosan with true N=6 on 2026-07-01; unit sequence still unconfirmed; top10 triage source=global_top31;stratified_top32; fit N_selected=5; N_eff=5; ell/circ=5/5; ambiguous_eff=true; support_ell_nm=3.707
20240314_LHe_Cu100/240314_Cu100_042.sxm	20240314_LHe_Cu100	240314_Cu100_042.sxm	6	true	true		false	needs_unit_sequence	accept_counting_visual_N6_confirmed	manual_ok_chitosan_top10_fit_review	7	7	7	7	false	results/triage_potential_benchmark_fit_top10/240314_Cu100_042_best.png	user visual review of triage_potential_benchmark_fit_top10 confirmed all 45 fit images are good chitosan with true N=6 on 2026-07-01; unit sequence still unconfirmed; top10 triage source=global_top31;stratified_top32; fit N_selected=7; N_eff=7; ell/circ=7/7; ambiguous_eff=false; support_ell_nm=4.026
20240814_LHe_Cu100/240814_011.sxm	20240814_LHe_Cu100	240814_011.sxm	6	true	true		false	needs_unit_sequence	accept_counting_needs_unit_sequence_confirmation	manual_N6_clean_target	6	6	6	6	true	results/best_plots_20240814/240814_011_best.png	manual ok_chitosan expected N=6; ambiguous_eff=true; support_ell_nm=3.80
20240814_LHe_Cu100/240814_012.sxm	20240814_LHe_Cu100	240814_012.sxm	6	true	true		false	needs_unit_sequence	accept_counting_needs_unit_sequence_confirmation	manual_N6_clean_target	6	6	6	6	false	results/best_plots_20240814/240814_012_best.png	manual ok_chitosan expected N=6; support_ell_nm=3.76
20240814_LHe_Cu100/240814_013.sxm	20240814_LHe_Cu100	240814_013.sxm	6	true	true		false	needs_unit_sequence	accept_counting_needs_unit_sequence_confirmation	manual_N6_clean_target	6	6	6	6	true	results/best_plots_20240814/240814_013_best.png	manual ok_chitosan expected N=6; ambiguous_eff=true; support_ell_nm=3.60
20240814_LHe_Cu100/240814_014.sxm	20240814_LHe_Cu100	240814_014.sxm	6	true	true		false	needs_unit_sequence	accept_counting_needs_unit_sequence_confirmation	manual_N6_clean_target	6	6	6	6	true	results/best_plots_20240814/240814_014_best.png	manual ok_chitosan expected N=6; ambiguous_eff=true; support_ell_nm=3.58
20240814_LHe_Cu100/240814_015.sxm	20240814_LHe_Cu100	240814_015.sxm	6	true	true		false	needs_unit_sequence	accept_counting_needs_unit_sequence_confirmation	manual_N6_clean_target	6	6	6	6	true	results/best_plots_20240814/240814_015_best.png	manual ok_chitosan expected N=6; ambiguous_eff=true; support_ell_nm=3.58
20240814_LHe_Cu100/240814_017.sxm	20240814_LHe_Cu100	240814_017.sxm	6	true	true		false	needs_unit_sequence	accept_counting_needs_unit_sequence_confirmation	manual_N6_clean_target	5	5	5	5	false	results/best_plots_20240814/240814_017_best.png	manual ok_chitosan expected N=6; support_ell_nm=3.64
20240814_LHe_Cu100/240814_018.sxm	20240814_LHe_Cu100	240814_018.sxm	6	true	true		false	needs_unit_sequence	accept_counting_needs_unit_sequence_confirmation	manual_N6_clean_target	5	5	5	5	true	results/best_plots_20240814/240814_018_best.png	manual ok_chitosan expected N=6; ambiguous_eff=true; support_ell_nm=3.64
20240814_LHe_Cu100/240814_019.sxm	20240814_LHe_Cu100	240814_019.sxm	6	true	true		false	needs_unit_sequence	accept_counting_needs_unit_sequence_confirmation	manual_N6_clean_target	6	6	6	5	true	results/best_plots_20240814/240814_019_best.png	manual ok_chitosan expected N=6; ambiguous_eff=true; support_ell_nm=3.78
20240814_LHe_Cu100/240814_020.sxm	20240814_LHe_Cu100	240814_020.sxm	6	true	true		false	needs_unit_sequence	accept_counting_needs_unit_sequence_confirmation	manual_N6_clean_target	4	4	4	4	false	results/best_plots_20240814/240814_020_best.png	manual ok_chitosan expected N=6; support_ell_nm=2.28
20240814_LHe_Cu100/240814_021.sxm	20240814_LHe_Cu100	240814_021.sxm	6	true	true		false	needs_unit_sequence	accept_counting_needs_unit_sequence_confirmation	manual_N6_clean_target	5	5	5	5	false	results/best_plots_20240814/240814_021_best.png	manual ok_chitosan expected N=6; support_ell_nm=3.58
20240814_LHe_Cu100/240814_022.sxm	20240814_LHe_Cu100	240814_022.sxm	6	true	true		false	needs_unit_sequence	accept_counting_needs_unit_sequence_confirmation	manual_N6_clean_target	6	6	6	6	false	results/best_plots_20240814/240814_022_best.png	manual ok_chitosan expected N=6; support_ell_nm=3.49
20240814_LHe_Cu100/240814_023.sxm	20240814_LHe_Cu100	240814_023.sxm	6	true	true		false	needs_unit_sequence	accept_counting_needs_unit_sequence_confirmation	manual_N6_clean_target	6	6	6	6	false	results/best_plots_20240814/240814_023_best.png	manual ok_chitosan expected N=6; support_ell_nm=3.50
20240814_LHe_Cu100/240814_024.sxm	20240814_LHe_Cu100	240814_024.sxm	6	true	true		false	needs_unit_sequence	accept_counting_needs_unit_sequence_confirmation	manual_N6_clean_target	6	6	6	6	true	results/best_plots_20240814/240814_024_best.png	manual ok_chitosan expected N=6; ambiguous_eff=true; support_ell_nm=3.51
20240814_LHe_Cu100/240814_025.sxm	20240814_LHe_Cu100	240814_025.sxm	6	true	true		false	needs_unit_sequence	accept_counting_needs_unit_sequence_confirmation	manual_N6_clean_target	6	6	6	6	false	results/best_plots_20240814/240814_025_best.png	manual ok_chitosan expected N=6; support_ell_nm=3.72
20240815_LHe_Cu100/240815_047.sxm	20240815_LHe_Cu100	240815_047.sxm	6	true	true		false	needs_unit_sequence	accept_counting_visual_N6_confirmed	manual_ok_chitosan_top10_fit_review	6	6	6	6	false	results/triage_potential_benchmark_fit_top10/240815_047_best.png	user visual review of triage_potential_benchmark_fit_top10 confirmed all 45 fit images are good chitosan with true N=6 on 2026-07-01; unit sequence still unconfirmed; top10 triage source=global_top31;stratified_top32; fit N_selected=6; N_eff=6; ell/circ=6/6; ambiguous_eff=false; support_ell_nm=4.07
20240815_LHe_Cu100/240815_048.sxm	20240815_LHe_Cu100	240815_048.sxm	6	true	true		false	needs_unit_sequence	accept_counting_visual_N6_confirmed	manual_ok_chitosan_top10_fit_review	6	6	6	6	false	results/triage_potential_benchmark_fit_top10/240815_048_best.png	user visual review of triage_potential_benchmark_fit_top10 confirmed all 45 fit images are good chitosan with true N=6 on 2026-07-01; unit sequence still unconfirmed; top10 triage source=global_top31;stratified_top32; fit N_selected=6; N_eff=6; ell/circ=6/6; ambiguous_eff=false; support_ell_nm=4.087
20240815_LHe_Cu100/240815_072.sxm	20240815_LHe_Cu100	240815_072.sxm	6	true	true		false	needs_unit_sequence	accept_counting_visual_N6_confirmed	manual_ok_chitosan_top10_fit_review	6	6	6	6	false	results/triage_potential_benchmark_fit_top10/240815_072_best.png	user visual review of triage_potential_benchmark_fit_top10 confirmed all 45 fit images are good chitosan with true N=6 on 2026-07-01; unit sequence still unconfirmed; top10 triage source=stratified_top32; fit N_selected=6; N_eff=6; ell/circ=6/6; ambiguous_eff=false; support_ell_nm=3.469
20240815_LHe_Cu100/240815_098.sxm	20240815_LHe_Cu100	240815_098.sxm	6	true	true		false	needs_unit_sequence	accept_counting_visual_N6_confirmed	manual_ok_chitosan_top10_fit_review	7	8	8	8	false	results/triage_potential_benchmark_fit_top10/240815_098_best.png	user visual review of triage_potential_benchmark_fit_top10 confirmed all 45 fit images are good chitosan with true N=6 on 2026-07-01; unit sequence still unconfirmed; top10 triage source=global_top31;stratified_top32; fit N_selected=7; N_eff=8; ell/circ=8/8; ambiguous_eff=false; support_ell_nm=3.704
20240816_LHe_Cu100/240816_002.sxm	20240816_LHe_Cu100	240816_002.sxm	6	true	true		false	needs_unit_sequence	accept_counting_needs_unit_sequence_confirmation	manual_N6_clean_target	5	6	6	6	false	results/best_plots_20240816/240816_002_best.png	manual ok_chitosan expected N=6; support_ell_nm=4.12
20240816_LHe_Cu100/240816_004.sxm	20240816_LHe_Cu100	240816_004.sxm	6	true	true		false	needs_unit_sequence	accept_counting_needs_unit_sequence_confirmation	manual_N6_clean_target	6	6	6	6	false	results/best_plots_20240816/240816_004_best.png	manual ok_chitosan expected N=6; low_fwd_bwd_corr=0.58; support_ell_nm=4.20
20240816_LHe_Cu100/240816_005.sxm	20240816_LHe_Cu100	240816_005.sxm	6	true	true		false	needs_unit_sequence	accept_counting_needs_unit_sequence_confirmation	manual_N6_clean_target	6	6	6	6	true	results/best_plots_20240816/240816_005_best.png	manual ok_chitosan expected N=6; ambiguous_eff=true; low_fwd_bwd_corr=0.45; support_ell_nm=4.16
20240817_LHe_Cu100/240817_002.sxm	20240817_LHe_Cu100	240817_002.sxm	6	true	true	010010	true	sequence_confirmed	accept_unit_training_known_010010	unit_sequence_labeled_primary	6	6	6	6	false	results/best_plots_240817_primary_rerun/240817_002_best.png	canonical primary unit sequence already labeled; support_ell_nm=3.89; user visual review marked ambiguous; do not use in strict classification on 2026-06-30; user double-check on 2026-06-30: keep in benchmark; classify OK
20240817_LHe_Cu100/240817_003.sxm	20240817_LHe_Cu100	240817_003.sxm	6	true	true	010010	true	sequence_confirmed	accept_unit_training_known_010010	unit_sequence_labeled_primary	6	6	6	6	false	results/best_plots_240817_primary_rerun/240817_003_best.png	canonical primary unit sequence already labeled; support_ell_nm=3.76
20240817_LHe_Cu100/240817_004.sxm	20240817_LHe_Cu100	240817_004.sxm	6	true	true	010010	true	sequence_confirmed	accept_unit_training_known_010010	unit_sequence_labeled_primary	6	6	6	6	false	results/best_plots_240817_primary_rerun/240817_004_best.png	canonical primary unit sequence already labeled; support_ell_nm=4.07
20240817_LHe_Cu100/240817_005.sxm	20240817_LHe_Cu100	240817_005.sxm	6	true	true	010010	true	sequence_confirmed	accept_unit_training_known_010010	unit_sequence_labeled_primary	6	6	6	6	false	results/best_plots_240817_primary_rerun/240817_005_best.png	canonical primary unit sequence already labeled; support_ell_nm=3.91
20240817_LHe_Cu100/240817_006.sxm	20240817_LHe_Cu100	240817_006.sxm	6	true	true	010010	true	sequence_confirmed	accept_unit_training_known_010010	unit_sequence_labeled_primary	6	6	6	6	false	results/best_plots_240817_primary_rerun/240817_006_best.png	canonical primary unit sequence already labeled; support_ell_nm=3.81
20240817_LHe_Cu100/240817_007.sxm	20240817_LHe_Cu100	240817_007.sxm	6	true	true	010010	true	sequence_confirmed	accept_unit_training_known_010010	unit_sequence_labeled_primary	6	6	6	6	false	results/best_plots_240817_primary_rerun/240817_007_best.png	canonical primary unit sequence already labeled; support_ell_nm=3.84
20240817_LHe_Cu100/240817_017.sxm	20240817_LHe_Cu100	240817_017.sxm	6	true	true	010010	true	sequence_confirmed	accept_unit_training_known_010010	unit_sequence_labeled_primary	6	7	7	7	false	results/best_plots_240817_primary_rerun/240817_017_best.png	canonical primary unit sequence already labeled; support_ell_nm=5.12; user visual review marked ambiguous; do not use in strict classification on 2026-06-30; user double-check on 2026-06-30: keep in benchmark; classify OK
20240817_LHe_Cu100/240817_018.sxm	20240817_LHe_Cu100	240817_018.sxm	6	true	true	010010	true	sequence_confirmed	accept_unit_training_known_010010	unit_sequence_labeled_primary	6	6	6	7	true	results/best_plots_240817_primary_rerun/240817_018_best.png	canonical primary unit sequence already labeled; ambiguous_eff=true; support_ell_nm=4.76
20240817_LHe_Cu100/240817_019.sxm	20240817_LHe_Cu100	240817_019.sxm	6	true	true	010010	true	sequence_confirmed	accept_unit_training_known_010010	unit_sequence_labeled_primary	6	7	7	7	true	results/best_plots_240817_primary_rerun/240817_019_best.png	canonical primary unit sequence already labeled; ambiguous_eff=true; support_ell_nm=4.38
20240817_LHe_Cu100/240817_021.sxm	20240817_LHe_Cu100	240817_021.sxm	6	true	true	010010	true	sequence_confirmed	accept_unit_training_known_010010	unit_sequence_labeled_primary	6	6	6	6	false	results/best_plots_240817_primary_rerun/240817_021_best.png	canonical primary unit sequence already labeled; support_ell_nm=4.17; user visual review marked ambiguous; do not use in strict classification on 2026-06-30; user double-check on 2026-06-30: keep in benchmark; classify OK
20240817_LHe_Cu100/240817_024.sxm	20240817_LHe_Cu100	240817_024.sxm	6	true	true	010010	true	sequence_confirmed	accept_unit_training_known_010010	unit_sequence_labeled_primary	6	6	6	9	true	results/best_plots_240817_primary_rerun/240817_024_best.png	canonical primary unit sequence already labeled; ambiguous_eff=true; support_ell_nm=4.24
20240817_LHe_Cu100/240817_026.sxm	20240817_LHe_Cu100	240817_026.sxm	6	true	true	010010	true	sequence_confirmed	accept_unit_training_known_010010	unit_sequence_labeled_primary	6	6	6	6	false	results/best_plots_240817_primary_rerun/240817_026_best.png	canonical primary unit sequence already labeled; support_ell_nm=4.56
20240817_LHe_Cu100/240817_033.sxm	20240817_LHe_Cu100	240817_033.sxm	6	true	true	010010	true	sequence_confirmed	accept_unit_training_known_010010	unit_sequence_labeled_primary	6	6	6	5	false	results/best_plots_240817_primary_rerun/240817_033_best.png	canonical primary unit sequence already labeled; support_ell_nm=4.00
20240817_LHe_Cu100/240817_036.sxm	20240817_LHe_Cu100	240817_036.sxm	6	true	true	010010	true	sequence_confirmed	accept_unit_training_known_010010	unit_sequence_labeled_primary	6	6	6	6	false	results/best_plots_240817_primary_rerun/240817_036_best.png	canonical primary unit sequence already labeled; support_ell_nm=4.11
20240817_LHe_Cu100/240817_039.sxm	20240817_LHe_Cu100	240817_039.sxm	6	true	true	010010	true	sequence_confirmed	accept_unit_training_known_010010	unit_sequence_labeled_primary	6	6	6	6	true	results/best_plots_240817_primary_rerun/240817_039_best.png	canonical primary unit sequence already labeled; ambiguous_eff=true; support_ell_nm=4.11
20240817_LHe_Cu100/240817_040.sxm	20240817_LHe_Cu100	240817_040.sxm	6	true	true	010010	true	sequence_confirmed	accept_unit_training_known_010010	unit_sequence_labeled_primary	6	6	6	6	false	results/best_plots_240817_primary_rerun/240817_040_best.png	canonical primary unit sequence already labeled; support_ell_nm=4.20
20240817_LHe_Cu100/240817_041.sxm	20240817_LHe_Cu100	240817_041.sxm	6	true	true	010010	true	sequence_confirmed	accept_unit_training_known_010010	unit_sequence_labeled_primary	6	6	6	6	true	results/best_plots_240817_primary_rerun/240817_041_best.png	canonical primary unit sequence already labeled; ambiguous_eff=true; support_ell_nm=3.88
20240817_LHe_Cu100/240817_042.sxm	20240817_LHe_Cu100	240817_042.sxm	6	true	true	010010	true	sequence_confirmed	accept_unit_training_known_010010	unit_sequence_labeled_primary	6	6	6	6	false	results/best_plots_240817_primary_rerun/240817_042_best.png	canonical primary unit sequence already labeled; support_ell_nm=3.89
20240817_LHe_Cu100/240817_043.sxm	20240817_LHe_Cu100	240817_043.sxm	6	true	true	010010	true	sequence_confirmed	accept_unit_training_known_010010	unit_sequence_labeled_primary	6	6	6	5	true	results/best_plots_240817_primary_rerun/240817_043_best.png	canonical primary unit sequence already labeled; ambiguous_eff=true; support_ell_nm=3.75
20240817_LHe_Cu100/240817_044.sxm	20240817_LHe_Cu100	240817_044.sxm	6	true	true	010010	true	sequence_confirmed	accept_unit_training_known_010010	unit_sequence_labeled_primary	6	6	6	5	false	results/best_plots_240817_primary_rerun/240817_044_best.png	canonical primary unit sequence already labeled; support_ell_nm=3.76
20240817_LHe_Cu100/240817_045.sxm	20240817_LHe_Cu100	240817_045.sxm	6	true	true	010010	true	sequence_confirmed	accept_unit_training_known_010010	unit_sequence_labeled_primary	6	6	6	6	false	results/best_plots_240817_primary_rerun/240817_045_best.png	canonical primary unit sequence already labeled; support_ell_nm=3.90
20240817_LHe_Cu100/240817_046.sxm	20240817_LHe_Cu100	240817_046.sxm	6	true	true	010010	true	sequence_confirmed	accept_unit_training_known_010010	unit_sequence_labeled_primary	6	6	6	6	false	results/best_plots_240817_primary_rerun/240817_046_best.png	canonical primary unit sequence already labeled; support_ell_nm=3.88
20240817_LHe_Cu100/240817_047.sxm	20240817_LHe_Cu100	240817_047.sxm	6	true	true	010010	true	sequence_confirmed	accept_unit_training_known_010010	unit_sequence_labeled_primary	6	6	6	6	false	results/best_plots_240817_primary_rerun/240817_047_best.png	canonical primary unit sequence already labeled; support_ell_nm=3.84
20240817_LHe_Cu100/240817_048.sxm	20240817_LHe_Cu100	240817_048.sxm	6	true	true	010010	true	sequence_confirmed	accept_unit_training_known_010010	unit_sequence_labeled_primary	6	6	6	5	false	results/best_plots_240817_primary_rerun/240817_048_best.png	canonical primary unit sequence already labeled; support_ell_nm=3.77
20240817_LHe_Cu100/240817_049.sxm	20240817_LHe_Cu100	240817_049.sxm	6	true	true	010010	true	sequence_confirmed	accept_unit_training_known_010010	unit_sequence_labeled_primary	6	6	6	6	false	results/best_plots_240817_primary_rerun/240817_049_best.png	canonical primary unit sequence already labeled; support_ell_nm=3.67
20240817_LHe_Cu100/240817_050.sxm	20240817_LHe_Cu100	240817_050.sxm	6	true	true	010010	true	sequence_confirmed	accept_unit_training_known_010010	unit_sequence_labeled_primary	6	6	6	6	false	results/best_plots_240817_primary_rerun/240817_050_best.png	canonical primary unit sequence already labeled; support_ell_nm=3.85
20240817_LHe_Cu100/240817_052.sxm	20240817_LHe_Cu100	240817_052.sxm	6	true	true	010010	true	sequence_confirmed	accept_unit_training_known_010010	unit_sequence_labeled_primary	6	6	6	6	false	results/best_plots_240817_primary_rerun/240817_052_best.png	canonical primary unit sequence already labeled; support_ell_nm=3.80
20240817_LHe_Cu100/240817_053.sxm	20240817_LHe_Cu100	240817_053.sxm	6	true	true	010010	true	sequence_confirmed	accept_unit_training_known_010010	unit_sequence_labeled_primary	6	6	6	6	false	results/best_plots_240817_primary_rerun/240817_053_best.png	canonical primary unit sequence already labeled; support_ell_nm=3.91
20240817_LHe_Cu100/240817_054.sxm	20240817_LHe_Cu100	240817_054.sxm	6	true	true	010010	true	sequence_confirmed	accept_unit_training_known_010010	unit_sequence_labeled_primary	6	6	6	6	false	results/best_plots_240817_primary_rerun/240817_054_best.png	canonical primary unit sequence already labeled; support_ell_nm=3.98
20240817_LHe_Cu100/240817_055.sxm	20240817_LHe_Cu100	240817_055.sxm	6	true	true	010010	true	sequence_confirmed	accept_unit_training_known_010010	unit_sequence_labeled_primary	6	6	6	6	false	results/best_plots_240817_primary_rerun/240817_055_best.png	canonical primary unit sequence already labeled; support_ell_nm=3.97
20240817_LHe_Cu100/240817_058.sxm	20240817_LHe_Cu100	240817_058.sxm	6	true	true	010010	true	sequence_confirmed	accept_unit_training_known_010010	unit_sequence_labeled_primary	6	7	7	6	true	results/best_plots_240817_primary_rerun/240817_058_best.png	canonical primary unit sequence already labeled; ambiguous_eff=true; support_ell_nm=4.04
20240817_LHe_Cu100/240817_059.sxm	20240817_LHe_Cu100	240817_059.sxm	6	true	true	010010	true	sequence_confirmed	accept_unit_training_known_010010	unit_sequence_labeled_primary	6	6	6	6	false	results/best_plots_240817_primary_rerun/240817_059_best.png	canonical primary unit sequence already labeled; support_ell_nm=3.85
20240817_LHe_Cu100/240817_060.sxm	20240817_LHe_Cu100	240817_060.sxm	6	true	true	010010	true	sequence_confirmed	accept_unit_training_known_010010	unit_sequence_labeled_primary	6	6	6	6	true	results/best_plots_240817_primary_rerun/240817_060_best.png	canonical primary unit sequence already labeled; ambiguous_eff=true; support_ell_nm=3.90
20240817_LHe_Cu100/240817_061.sxm	20240817_LHe_Cu100	240817_061.sxm	6	true	true	010010	true	sequence_confirmed	accept_unit_training_known_010010	unit_sequence_labeled_primary	6	6	6	6	false	results/best_plots_240817_primary_rerun/240817_061_best.png	canonical primary unit sequence already labeled; support_ell_nm=3.81
20240817_LHe_Cu100/240817_062.sxm	20240817_LHe_Cu100	240817_062.sxm	6	true	true	010010	true	sequence_confirmed	accept_unit_training_known_010010	unit_sequence_labeled_primary	6	6	6	6	false	results/best_plots_240817_primary_rerun/240817_062_best.png	canonical primary unit sequence already labeled; support_ell_nm=3.90
20240817_LHe_Cu100/240817_064.sxm	20240817_LHe_Cu100	240817_064.sxm	6	true	true		false	needs_unit_sequence	accept_counting_visual_N6_confirmed	unclassified_needs_review	6	6	6	6	false	results/best_plots_240817_primary_rerun/240817_064_best.png	unclassified but N_selected=N_ell=N_circ=6 and not ambiguous; support_ell_nm=3.82; user visual review confirmed ok_chitosan true N=6 on 2026-06-30
20240817_LHe_Cu100/240817_065.sxm	20240817_LHe_Cu100	240817_065.sxm	6	true	true		false	needs_unit_sequence	accept_counting_visual_N6_confirmed	unclassified_needs_review	6	6	6	6	false	results/best_plots_240817_primary_rerun/240817_065_best.png	unclassified but N_selected=N_ell=N_circ=6 and not ambiguous; support_ell_nm=3.85; user visual review confirmed ok_chitosan true N=6 on 2026-06-30
20240817_LHe_Cu100/240817_066.sxm	20240817_LHe_Cu100	240817_066.sxm	6	true	true		false	needs_unit_sequence	accept_counting_visual_N6_confirmed	unclassified_needs_review	6	6	6	6	false	results/best_plots_240817_primary_rerun/240817_066_best.png	unclassified but N_selected=N_ell=N_circ=6 and not ambiguous; support_ell_nm=3.77; user visual review confirmed ok_chitosan true N=6 on 2026-06-30
20240817_LHe_Cu100/240817_067.sxm	20240817_LHe_Cu100	240817_067.sxm	6	true	true		false	needs_unit_sequence	accept_counting_visual_N6_confirmed	unclassified_needs_review	6	6	6	6	false	results/best_plots_240817_primary_rerun/240817_067_best.png	unclassified but N_selected=N_ell=N_circ=6 and not ambiguous; support_ell_nm=3.77; user visual review confirmed ok_chitosan true N=6 on 2026-06-30
20240817_LHe_Cu100/240817_068.sxm	20240817_LHe_Cu100	240817_068.sxm	6	true	true		false	needs_unit_sequence	accept_counting_visual_N6_confirmed	unclassified_needs_review	6	6	6	6	false	results/best_plots_20240817_pad040/240817_068_best.png	unclassified but N_selected=N_ell=N_circ=6 and not ambiguous; support_ell_nm=4.15; user visual review confirmed ok_chitosan true N=6 on 2026-06-30
20240817_LHe_Cu100/240817_069.sxm	20240817_LHe_Cu100	240817_069.sxm	6	true	true		false	needs_unit_sequence	accept_counting_visual_N6_confirmed	unclassified_needs_review	6	6	6	6	false	results/best_plots_20240817_pad040/240817_069_best.png	unclassified but N_selected=N_ell=N_circ=6 and not ambiguous; support_ell_nm=4.16; user visual review confirmed ok_chitosan true N=6 on 2026-06-30
20240817_LHe_Cu100/240817_070.sxm	20240817_LHe_Cu100	240817_070.sxm	6	true	true		false	needs_unit_sequence	accept_counting_visual_N6_confirmed	unclassified_needs_review	6	6	6	6	false	results/best_plots_20240817_pad040/240817_070_best.png	unclassified but N_selected=N_ell=N_circ=6 and not ambiguous; support_ell_nm=4.17; user visual review confirmed ok_chitosan true N=6 on 2026-06-30
20240817_LHe_Cu100/240817_071.sxm	20240817_LHe_Cu100	240817_071.sxm	6	true	true		false	needs_unit_sequence	accept_counting_visual_N6_confirmed	unclassified_needs_review	6	6	6	6	false	results/best_plots_20240817_pad040/240817_071_best.png	unclassified but N_selected=N_ell=N_circ=6 and not ambiguous; support_ell_nm=4.09; user visual review confirmed ok_chitosan true N=6 on 2026-06-30
20240817_LHe_Cu100/240817_072.sxm	20240817_LHe_Cu100	240817_072.sxm	6	true	true		false	needs_unit_sequence	accept_counting_visual_N6_confirmed	unclassified_needs_review	6	6	6	6	false	results/best_plots_20240817_pad040/240817_072_best.png	unclassified but N_selected=N_ell=N_circ=6 and not ambiguous; support_ell_nm=4.13; user visual review confirmed ok_chitosan true N=6 on 2026-06-30
20240817_LHe_Cu100/240817_073.sxm	20240817_LHe_Cu100	240817_073.sxm	6	true	true		false	needs_unit_sequence	accept_counting_visual_N6_confirmed	unclassified_needs_review	6	6	6	6	false	results/best_plots_20240817_pad040/240817_073_best.png	unclassified but N_selected=N_ell=N_circ=6 and not ambiguous; support_ell_nm=4.03; user visual review confirmed ok_chitosan true N=6 on 2026-06-30
20240817_LHe_Cu100/240817_074.sxm	20240817_LHe_Cu100	240817_074.sxm	6	true	true		false	needs_unit_sequence	accept_counting_visual_N6_confirmed	unclassified_needs_review	6	6	6	6	false	results/best_plots_20240817_pad040/240817_074_best.png	unclassified but N_selected=N_ell=N_circ=6 and not ambiguous; support_ell_nm=4.16; user visual review confirmed ok_chitosan true N=6 on 2026-06-30
20240817_LHe_Cu100/240817_075.sxm	20240817_LHe_Cu100	240817_075.sxm	6	true	true		false	needs_unit_sequence	accept_counting_visual_N6_confirmed	unclassified_needs_review	6	6	6	6	false	results/best_plots_20240817_pad040/240817_075_best.png	unclassified but N_selected=N_ell=N_circ=6 and not ambiguous; support_ell_nm=4.13; user visual review confirmed ok_chitosan true N=6 on 2026-06-30
20240817_LHe_Cu100/240817_076.sxm	20240817_LHe_Cu100	240817_076.sxm	6	true	true		false	needs_unit_sequence	accept_counting_visual_N6_confirmed	unclassified_needs_review	6	6	6	6	false	results/best_plots_20240817_pad040/240817_076_best.png	unclassified but N_selected=N_ell=N_circ=6 and not ambiguous; support_ell_nm=4.02; user visual review confirmed ok_chitosan true N=6 on 2026-06-30
20240817_LHe_Cu100/240817_077.sxm	20240817_LHe_Cu100	240817_077.sxm	6	true	true		false	needs_unit_sequence	accept_counting_visual_N6_confirmed	unclassified_needs_review	5	5	5	6	true	results/best_plots_240817_rerun_full/240817_077_best.png	unclassified selected N=5, near 6; ambiguous_eff=true; support_ell_nm=3.47; user visual review confirmed ok_chitosan true N=6 on 2026-06-30
20240817_LHe_Cu100/240817_078.sxm	20240817_LHe_Cu100	240817_078.sxm	6	true	true		false	needs_unit_sequence	accept_counting_visual_N6_confirmed	unclassified_needs_review	5	5	5	5	false	results/best_plots_240817_rerun_full/240817_078_best.png	unclassified selected N=5, near 6; support_ell_nm=3.66; user visual review confirmed ok_chitosan true N=6 on 2026-06-30
20240817_LHe_Cu100/240817_079.sxm	20240817_LHe_Cu100	240817_079.sxm	6	true	true		false	needs_unit_sequence	accept_counting_visual_N6_confirmed	unclassified_needs_review	6	6	6	6	false	results/best_plots_240817_rerun_full/240817_079_best.png	unclassified but N_selected=N_ell=N_circ=6 and not ambiguous; support_ell_nm=3.50; user visual review confirmed ok_chitosan true N=6 on 2026-06-30
20240817_LHe_Cu100/240817_080.sxm	20240817_LHe_Cu100	240817_080.sxm	6	true	true		false	needs_unit_sequence	accept_counting_visual_N6_confirmed	unclassified_needs_review	6	6	6	6	false	results/best_plots_240817_rerun_full/240817_080_best.png	unclassified but N_selected=N_ell=N_circ=6 and not ambiguous; support_ell_nm=3.60; user visual review confirmed ok_chitosan true N=6 on 2026-06-30
20240817_LHe_Cu100/240817_081.sxm	20240817_LHe_Cu100	240817_081.sxm	6	true	true		false	needs_unit_sequence	accept_counting_visual_N6_confirmed	unclassified_needs_review	6	6	6	6	false	results/best_plots_240817_rerun_full/240817_081_best.png	unclassified but N_selected=N_ell=N_circ=6 and not ambiguous; support_ell_nm=3.66; user visual review confirmed ok_chitosan true N=6 on 2026-06-30
20240817_LHe_Cu100/240817_082.sxm	20240817_LHe_Cu100	240817_082.sxm	6	true	true		false	needs_unit_sequence	accept_counting_visual_N6_confirmed	unclassified_needs_review	6	6	6	6	false	results/best_plots_240817_rerun_full/240817_082_best.png	unclassified but N_selected=N_ell=N_circ=6 and not ambiguous; support_ell_nm=3.64; user visual review confirmed ok_chitosan true N=6 on 2026-06-30
20240817_LHe_Cu100/240817_083.sxm	20240817_LHe_Cu100	240817_083.sxm	6	true	true		false	needs_unit_sequence	accept_counting_visual_N6_confirmed	unclassified_needs_review	6	6	6	6	false	results/best_plots_20240817_pad040/240817_083_best.png	unclassified but N_selected=N_ell=N_circ=6 and not ambiguous; support_ell_nm=3.89; user visual review confirmed ok_chitosan true N=6 on 2026-06-30
20240817_LHe_Cu100/240817_085.sxm	20240817_LHe_Cu100	240817_085.sxm	6	true	true		false	needs_unit_sequence	accept_counting_visual_N6_confirmed	unclassified_needs_review	6	6	6	6	false	results/best_plots_20240817_pad040/240817_085_best.png	unclassified but N_selected=N_ell=N_circ=6 and not ambiguous; support_ell_nm=4.00; user visual review confirmed ok_chitosan true N=6 on 2026-06-30
20240817_LHe_Cu100/240817_086.sxm	20240817_LHe_Cu100	240817_086.sxm	6	true	true		false	needs_unit_sequence	accept_counting_visual_N6_confirmed	unclassified_needs_review	6	6	6	6	false	results/best_plots_20240817_pad040/240817_086_best.png	unclassified but N_selected=N_ell=N_circ=6 and not ambiguous; support_ell_nm=4.09; user visual review confirmed ok_chitosan true N=6 on 2026-06-30
20240817_LHe_Cu100/240817_087.sxm	20240817_LHe_Cu100	240817_087.sxm	6	true	true		false	needs_unit_sequence	accept_counting_visual_N6_confirmed	unclassified_needs_review	6	6	6	6	false	results/best_plots_20240817_pad040/240817_087_best.png	unclassified but N_selected=N_ell=N_circ=6 and not ambiguous; support_ell_nm=4.05; user visual review confirmed ok_chitosan true N=6 on 2026-06-30
20240817_LHe_Cu100/240817_088.sxm	20240817_LHe_Cu100	240817_088.sxm	6	true	true		false	needs_unit_sequence	accept_counting_visual_N6_confirmed	unclassified_needs_review	6	6	6	6	false	results/best_plots_20240817_pad040/240817_088_best.png	unclassified but N_selected=N_ell=N_circ=6 and not ambiguous; support_ell_nm=3.92; user visual review confirmed ok_chitosan true N=6 on 2026-06-30
20240817_LHe_Cu100/240817_089.sxm	20240817_LHe_Cu100	240817_089.sxm	6	true	true		false	needs_unit_sequence	accept_counting_visual_N6_confirmed	unclassified_needs_review	6	6	6	6	false	results/best_plots_20240817_pad040/240817_089_best.png	unclassified but N_selected=N_ell=N_circ=6 and not ambiguous; support_ell_nm=3.94; user visual review confirmed ok_chitosan true N=6 on 2026-06-30
20240817_LHe_Cu100/240817_090.sxm	20240817_LHe_Cu100	240817_090.sxm	6	true	true		false	needs_unit_sequence	accept_counting_visual_N6_confirmed	unclassified_needs_review	6	6	6	6	false	results/best_plots_20240817_pad040/240817_090_best.png	unclassified but N_selected=N_ell=N_circ=6 and not ambiguous; support_ell_nm=3.93; user visual review confirmed ok_chitosan true N=6 on 2026-06-30
20240817_LHe_Cu100/240817_091.sxm	20240817_LHe_Cu100	240817_091.sxm	6	true	true		false	needs_unit_sequence	accept_counting_visual_N6_confirmed	unclassified_needs_review	5	6	6	6	false	results/best_plots_20240817_pad040/240817_091_best.png	unclassified selected N=5, near 6; support_ell_nm=4.06; user visual review confirmed ok_chitosan true N=6 on 2026-06-30
20240817_LHe_Cu100/240817_092.sxm	20240817_LHe_Cu100	240817_092.sxm	6	true	true		false	needs_unit_sequence	accept_counting_visual_N6_confirmed	unclassified_needs_review	6	6	6	6	false	results/best_plots_20240817_pad040/240817_092_best.png	unclassified but N_selected=N_ell=N_circ=6 and not ambiguous; support_ell_nm=4.06; user visual review confirmed ok_chitosan true N=6 on 2026-06-30
20240817_LHe_Cu100/240817_093.sxm	20240817_LHe_Cu100	240817_093.sxm	6	true	true		false	needs_unit_sequence	accept_counting_visual_N6_confirmed	unclassified_needs_review	6	6	6	6	false	results/best_plots_20240817_pad040/240817_093_best.png	unclassified but N_selected=N_ell=N_circ=6 and not ambiguous; support_ell_nm=3.96; user visual review confirmed ok_chitosan true N=6 on 2026-06-30
20240817_LHe_Cu100/240817_094.sxm	20240817_LHe_Cu100	240817_094.sxm	6	true	true		false	needs_unit_sequence	accept_counting_visual_N6_confirmed	unclassified_needs_review	6	6	6	5	true	results/best_plots_20240817_pad040/240817_094_best.png	unclassified but selected N=6; ambiguous_eff=true; support_ell_nm=4.11; user visual review confirmed ok_chitosan true N=6 on 2026-06-30
20240818_LHe_Cu100/240818_007.sxm	20240818_LHe_Cu100	240818_007.sxm	6	true	true		false	needs_unit_sequence	accept_counting_needs_unit_sequence_confirmation	manual_N6_clean_target	5	5	5	5	false	results/best_plots_20240818/240818_007_best.png	manual ok_chitosan expected N=6; support_ell_nm=3.35
20240818_LHe_Cu100/240818_011.sxm	20240818_LHe_Cu100	240818_011.sxm	6	true	true		false	needs_unit_sequence	accept_counting_needs_unit_sequence_confirmation	manual_N6_clean_target	6	7	7	6	false	results/best_plots_20240818/240818_011_best.png	manual ok_chitosan expected N=6; support_ell_nm=3.85
20240818_LHe_Cu100/240818_012.sxm	20240818_LHe_Cu100	240818_012.sxm	6	true	true		false	needs_unit_sequence	accept_counting_needs_unit_sequence_confirmation	manual_N6_clean_target	7	7	7	6	true	results/best_plots_20240818/240818_012_best.png	manual ok_chitosan expected N=6; ambiguous_eff=true; support_ell_nm=3.79
20240818_LHe_Cu100/240818_013.sxm	20240818_LHe_Cu100	240818_013.sxm	6	true	true		false	needs_unit_sequence	accept_counting_needs_unit_sequence_confirmation	manual_N6_clean_target	6	6	6	6	false	results/best_plots_20240818/240818_013_best.png	manual ok_chitosan expected N=6; support_ell_nm=3.84
20240818_LHe_Cu100/240818_015.sxm	20240818_LHe_Cu100	240818_015.sxm	6	true	true		false	needs_unit_sequence	accept_counting_needs_unit_sequence_confirmation	manual_N6_clean_target	6	7	7	7	false	results/best_plots_20240818/240818_015_best.png	manual ok_chitosan expected N=6; support_ell_nm=4.13
20240818_LHe_Cu100/240818_016.sxm	20240818_LHe_Cu100	240818_016.sxm	6	true	true		false	needs_unit_sequence	accept_counting_needs_unit_sequence_confirmation	manual_N6_clean_target	6	6	6	6	false	results/best_plots_20240818/240818_016_best.png	manual ok_chitosan expected N=6; support_ell_nm=3.56
20240818_LHe_Cu100/240818_017.sxm	20240818_LHe_Cu100	240818_017.sxm	6	true	true		false	needs_unit_sequence	accept_counting_needs_unit_sequence_confirmation	manual_N6_clean_target	8	8	8	8	false	results/best_plots_20240818/240818_017_best.png	manual ok_chitosan expected N=6; support_ell_nm=3.62
20240818_LHe_Cu100/240818_018.sxm	20240818_LHe_Cu100	240818_018.sxm	6	true	true		false	needs_unit_sequence	accept_counting_needs_unit_sequence_confirmation	manual_N6_clean_target	5	5	5	5	false	results/best_plots_20240818/240818_018_best.png	manual ok_chitosan expected N=6; support_ell_nm=3.59
20240818_LHe_Cu100/240818_019.sxm	20240818_LHe_Cu100	240818_019.sxm	6	true	true		false	needs_unit_sequence	accept_counting_needs_unit_sequence_confirmation	manual_N6_clean_target					false		manual ok_chitosan expected N=6
20240818_LHe_Cu100/240818_020.sxm	20240818_LHe_Cu100	240818_020.sxm	6	true	true		false	needs_unit_sequence	accept_counting_needs_unit_sequence_confirmation	manual_N6_clean_target	5	6	6	6	false	results/best_plots_20240818/240818_020_best.png	manual ok_chitosan expected N=6; support_ell_nm=3.77
20240818_LHe_Cu100/240818_021.sxm	20240818_LHe_Cu100	240818_021.sxm	6	true	true		false	needs_unit_sequence	accept_counting_needs_unit_sequence_confirmation	manual_N6_clean_target	6	8	8	5	false	results/best_plots_20240818/240818_021_best.png	manual ok_chitosan expected N=6; support_ell_nm=3.71
20240818_LHe_Cu100/240818_025.sxm	20240818_LHe_Cu100	240818_025.sxm	6	true	true		false	needs_unit_sequence	accept_counting_needs_unit_sequence_confirmation	manual_N6_clean_target	5	7	7	7	false	results/best_plots_20240818/240818_025_best.png	manual ok_chitosan expected N=6; support_ell_nm=4.27
20240818_LHe_Cu100/240818_026.sxm	20240818_LHe_Cu100	240818_026.sxm	6	true	true		false	needs_unit_sequence	accept_counting_needs_unit_sequence_confirmation	manual_N6_clean_target	5	6	6	6	false	results/best_plots_20240818/240818_026_best.png	manual ok_chitosan expected N=6; support_ell_nm=3.99
20240818_LHe_Cu100/240818_027.sxm	20240818_LHe_Cu100	240818_027.sxm	6	true	true		false	needs_unit_sequence	accept_counting_needs_unit_sequence_confirmation	manual_N6_clean_target	5	6	6	6	true	results/best_plots_20240818/240818_027_best.png	manual ok_chitosan expected N=6; ambiguous_eff=true; support_ell_nm=3.83
20240818_LHe_Cu100/240818_028.sxm	20240818_LHe_Cu100	240818_028.sxm	6	true	true		false	needs_unit_sequence	accept_counting_needs_unit_sequence_confirmation	manual_N6_clean_target	5	6	6	6	false	results/best_plots_20240818/240818_028_best.png	manual ok_chitosan expected N=6; support_ell_nm=3.59
20241113_LHe_Cu100/241113_085.sxm	20241113_LHe_Cu100	241113_085.sxm	6	true	true		false	needs_unit_sequence	accept_counting_visual_N6_confirmed	manual_ok_chitosan_top10_fit_review	6	7	7	7	true	results/triage_potential_benchmark_fit_top10/241113_085_best.png	user visual review of triage_potential_benchmark_fit_top10 confirmed all 45 fit images are good chitosan with true N=6 on 2026-07-01; unit sequence still unconfirmed; top10 triage source=global_top31; fit N_selected=6; N_eff=7; ell/circ=7/7; ambiguous_eff=true; support_ell_nm=3.883
20241113_LHe_Cu100/241113_086.sxm	20241113_LHe_Cu100	241113_086.sxm	6	true	true		false	needs_unit_sequence	accept_counting_visual_N6_confirmed	manual_ok_chitosan_top10_fit_review	6	6	6	6	false	results/triage_potential_benchmark_fit_top10/241113_086_best.png	user visual review of triage_potential_benchmark_fit_top10 confirmed all 45 fit images are good chitosan with true N=6 on 2026-07-01; unit sequence still unconfirmed; top10 triage source=global_top31;stratified_top32; fit N_selected=6; N_eff=6; ell/circ=6/6; ambiguous_eff=false; support_ell_nm=3.587
20241113_LHe_Cu100/241113_087.sxm	20241113_LHe_Cu100	241113_087.sxm	6	true	true		false	needs_unit_sequence	accept_counting_visual_N6_confirmed	manual_ok_chitosan_top10_fit_review	6	6	6	6	false	results/triage_potential_benchmark_fit_top10/241113_087_best.png	user visual review of triage_potential_benchmark_fit_top10 confirmed all 45 fit images are good chitosan with true N=6 on 2026-07-01; unit sequence still unconfirmed; top10 triage source=global_top31; fit N_selected=6; N_eff=6; ell/circ=6/6; ambiguous_eff=false; support_ell_nm=3.8
20241113_LHe_Cu100/241113_088.sxm	20241113_LHe_Cu100	241113_088.sxm	6	true	true		false	needs_unit_sequence	accept_counting_visual_N6_confirmed	manual_ok_chitosan_top10_fit_review	6	6	6	6	false	results/triage_potential_benchmark_fit_top10/241113_088_best.png	user visual review of triage_potential_benchmark_fit_top10 confirmed all 45 fit images are good chitosan with true N=6 on 2026-07-01; unit sequence still unconfirmed; top10 triage source=global_top31; fit N_selected=6; N_eff=6; ell/circ=6/6; ambiguous_eff=false; support_ell_nm=3.846
20241113_LHe_Cu100/241113_089.sxm	20241113_LHe_Cu100	241113_089.sxm	6	true	true		false	needs_unit_sequence	accept_counting_visual_N6_confirmed	manual_ok_chitosan_top10_fit_review	6	5	5	5	true	results/triage_potential_benchmark_fit_top10/241113_089_best.png	user visual review of triage_potential_benchmark_fit_top10 confirmed all 45 fit images are good chitosan with true N=6 on 2026-07-01; unit sequence still unconfirmed; top10 triage source=global_top31;stratified_top32; fit N_selected=6; N_eff=5; ell/circ=5/5; ambiguous_eff=true; support_ell_nm=3.88
20241113_LHe_Cu100/241113_094.sxm	20241113_LHe_Cu100	241113_094.sxm	6	true	true		false	needs_unit_sequence	accept_counting_visual_N6_confirmed	manual_ok_chitosan_top10_fit_review	6	6	6	6	false	results/triage_potential_benchmark_fit_top10/241113_094_best.png	user visual review of triage_potential_benchmark_fit_top10 confirmed all 45 fit images are good chitosan with true N=6 on 2026-07-01; unit sequence still unconfirmed; top10 triage source=global_top31;stratified_top32; fit N_selected=6; N_eff=6; ell/circ=6/6; ambiguous_eff=false; support_ell_nm=4.023
20241113_LHe_Cu100/241113_157.sxm	20241113_LHe_Cu100	241113_157.sxm	6	true	true		false	needs_unit_sequence	accept_counting_visual_N6_confirmed	manual_ok_chitosan_top10_fit_review	6	6	6	6	false	results/triage_potential_benchmark_fit_top10/241113_157_best.png	user visual review of triage_potential_benchmark_fit_top10 confirmed all 45 fit images are good chitosan with true N=6 on 2026-07-01; unit sequence still unconfirmed; top10 triage source=global_top31;stratified_top32; fit N_selected=6; N_eff=6; ell/circ=6/6; ambiguous_eff=false; support_ell_nm=3.713
20241113_LHe_Cu100/241113_160.sxm	20241113_LHe_Cu100	241113_160.sxm	6	true	true		false	needs_unit_sequence	accept_counting_visual_N6_confirmed	manual_ok_chitosan_top10_fit_review	5	6	6	6	false	results/triage_potential_benchmark_fit_top10/241113_160_best.png	user visual review of triage_potential_benchmark_fit_top10 confirmed all 45 fit images are good chitosan with true N=6 on 2026-07-01; unit sequence still unconfirmed; top10 triage source=global_top31; fit N_selected=5; N_eff=6; ell/circ=6/6; ambiguous_eff=false; support_ell_nm=4.359
20241114_LHe_Cu100/241114_004.sxm	20241114_LHe_Cu100	241114_004.sxm	6	true	true		false	needs_unit_sequence	accept_counting_visual_N6_confirmed	manual_ok_chitosan_top10_fit_review	6	6	6	6	false	results/triage_potential_benchmark_fit_top10/241114_004_best.png	user visual review of triage_potential_benchmark_fit_top10 confirmed all 45 fit images are good chitosan with true N=6 on 2026-07-01; unit sequence still unconfirmed; top10 triage source=global_top31; fit N_selected=6; N_eff=6; ell/circ=6/6; ambiguous_eff=false; support_ell_nm=4.435
20241114_LHe_Cu100/241114_010.sxm	20241114_LHe_Cu100	241114_010.sxm	6	true	true		false	needs_unit_sequence	accept_counting_visual_N6_confirmed	manual_ok_chitosan_top10_fit_review	5	6	6	6	false	results/triage_potential_benchmark_fit_top10/241114_010_best.png	user visual review of triage_potential_benchmark_fit_top10 confirmed all 45 fit images are good chitosan with true N=6 on 2026-07-01; unit sequence still unconfirmed; top10 triage source=global_top31; fit N_selected=5; N_eff=6; ell/circ=6/6; ambiguous_eff=false; support_ell_nm=3.908
20241114_LHe_Cu100/241114_011.sxm	20241114_LHe_Cu100	241114_011.sxm	6	true	true		false	needs_unit_sequence	accept_counting_visual_N6_confirmed	manual_ok_chitosan_top10_fit_review	6	6	6	6	false	results/triage_potential_benchmark_fit_top10/241114_011_best.png	user visual review of triage_potential_benchmark_fit_top10 confirmed all 45 fit images are good chitosan with true N=6 on 2026-07-01; unit sequence still unconfirmed; top10 triage source=global_top31;stratified_top32; fit N_selected=6; N_eff=6; ell/circ=6/6; ambiguous_eff=false; support_ell_nm=3.882
20241114_LHe_Cu100/241114_012.sxm	20241114_LHe_Cu100	241114_012.sxm	6	true	true		false	needs_unit_sequence	accept_counting_visual_N6_confirmed	manual_ok_chitosan_top10_fit_review	6	6	6	6	false	results/triage_potential_benchmark_fit_top10/241114_012_best.png	user visual review of triage_potential_benchmark_fit_top10 confirmed all 45 fit images are good chitosan with true N=6 on 2026-07-01; unit sequence still unconfirmed; top10 triage source=global_top31;stratified_top32; fit N_selected=6; N_eff=6; ell/circ=6/6; ambiguous_eff=false; support_ell_nm=3.971
20241114_LHe_Cu100/241114_022.sxm	20241114_LHe_Cu100	241114_022.sxm	6	true	true		false	needs_unit_sequence	accept_counting_visual_N6_confirmed	manual_ok_chitosan_top10_fit_review	6	6	6	6	false	results/triage_potential_benchmark_fit_top10/241114_022_best.png	user visual review of triage_potential_benchmark_fit_top10 confirmed all 45 fit images are good chitosan with true N=6 on 2026-07-01; unit sequence still unconfirmed; top10 triage source=global_top31;stratified_top32; fit N_selected=6; N_eff=6; ell/circ=6/6; ambiguous_eff=false; support_ell_nm=4.106
20241114_LHe_Cu100/241114_023.sxm	20241114_LHe_Cu100	241114_023.sxm	6	true	true		false	needs_unit_sequence	accept_counting_visual_N6_confirmed	manual_ok_chitosan_top10_fit_review	6	6	6	6	false	results/triage_potential_benchmark_fit_top10/241114_023_best.png	user visual review of triage_potential_benchmark_fit_top10 confirmed all 45 fit images are good chitosan with true N=6 on 2026-07-01; unit sequence still unconfirmed; top10 triage source=global_top31;stratified_top32; fit N_selected=6; N_eff=6; ell/circ=6/6; ambiguous_eff=false; support_ell_nm=4.103
20241114_LHe_Cu100/241114_027.sxm	20241114_LHe_Cu100	241114_027.sxm	6	true	true		false	needs_unit_sequence	accept_counting_visual_N6_confirmed	manual_ok_chitosan_top10_fit_review	6	6	6	6	false	results/triage_potential_benchmark_fit_top10/241114_027_best.png	user visual review of triage_potential_benchmark_fit_top10 confirmed all 45 fit images are good chitosan with true N=6 on 2026-07-01; unit sequence still unconfirmed; top10 triage source=global_top31; fit N_selected=6; N_eff=6; ell/circ=6/6; ambiguous_eff=false; support_ell_nm=3.941
20241114_LHe_Cu100/241114_028.sxm	20241114_LHe_Cu100	241114_028.sxm	6	true	true		false	needs_unit_sequence	accept_counting_visual_N6_confirmed	manual_ok_chitosan_top10_fit_review	6	6	6	6	false	results/triage_potential_benchmark_fit_top10/241114_028_best.png	user visual review of triage_potential_benchmark_fit_top10 confirmed all 45 fit images are good chitosan with true N=6 on 2026-07-01; unit sequence still unconfirmed; top10 triage source=global_top31; fit N_selected=6; N_eff=6; ell/circ=6/6; ambiguous_eff=false; support_ell_nm=3.893
20241114_LHe_Cu100/241114_040.sxm	20241114_LHe_Cu100	241114_040.sxm	6	true	true		false	needs_unit_sequence	accept_counting_visual_N6_confirmed	manual_ok_chitosan_top10_fit_review	7	7	7	7	false	results/triage_potential_benchmark_fit_top10/241114_040_best.png	user visual review of triage_potential_benchmark_fit_top10 confirmed all 45 fit images are good chitosan with true N=6 on 2026-07-01; unit sequence still unconfirmed; top10 triage source=global_top31; fit N_selected=7; N_eff=7; ell/circ=7/7; ambiguous_eff=false; support_ell_nm=4.265
20241114_LHe_Cu100/241114_043.sxm	20241114_LHe_Cu100	241114_043.sxm	6	true	true		false	needs_unit_sequence	accept_counting_visual_N6_confirmed	manual_ok_chitosan_top10_fit_review	7	8	8	8	false	results/triage_potential_benchmark_fit_top10/241114_043_best.png	user visual review of triage_potential_benchmark_fit_top10 confirmed all 45 fit images are good chitosan with true N=6 on 2026-07-01; unit sequence still unconfirmed; top10 triage source=global_top31; fit N_selected=7; N_eff=8; ell/circ=8/8; ambiguous_eff=false; support_ell_nm=4.11
20241114_LHe_Cu100/241114_044.sxm	20241114_LHe_Cu100	241114_044.sxm	6	true	true		false	needs_unit_sequence	accept_counting_visual_N6_confirmed	manual_ok_chitosan_top10_fit_review	8	8	8	8	false	results/triage_potential_benchmark_fit_top10/241114_044_best.png	user visual review of triage_potential_benchmark_fit_top10 confirmed all 45 fit images are good chitosan with true N=6 on 2026-07-01; unit sequence still unconfirmed; top10 triage source=global_top31; fit N_selected=8; N_eff=8; ell/circ=8/8; ambiguous_eff=false; support_ell_nm=4.126
20241114_LHe_Cu100/241114_045.sxm	20241114_LHe_Cu100	241114_045.sxm	6	true	true		false	needs_unit_sequence	accept_counting_visual_N6_confirmed	manual_ok_chitosan_top10_fit_review	8	8	8	8	false	results/triage_potential_benchmark_fit_top10/241114_045_best.png	user visual review of triage_potential_benchmark_fit_top10 confirmed all 45 fit images are good chitosan with true N=6 on 2026-07-01; unit sequence still unconfirmed; top10 triage source=global_top31; fit N_selected=8; N_eff=8; ell/circ=8/8; ambiguous_eff=false; support_ell_nm=4.095
20241114_LHe_Cu100/241114_046.sxm	20241114_LHe_Cu100	241114_046.sxm	6	true	true		false	needs_unit_sequence	accept_counting_visual_N6_confirmed	manual_ok_chitosan_top10_fit_review	8	8	8	8	false	results/triage_potential_benchmark_fit_top10/241114_046_best.png	user visual review of triage_potential_benchmark_fit_top10 confirmed all 45 fit images are good chitosan with true N=6 on 2026-07-01; unit sequence still unconfirmed; top10 triage source=global_top31; fit N_selected=8; N_eff=8; ell/circ=8/8; ambiguous_eff=false; support_ell_nm=4.121
